date,var1,var2,var3,var4,var5,drift_period
1990-01-01,0.496714153,0.3918040054,0.367649293,0.7451508643,1.871074482,0
1990-01-08,0.5644191001,-0.7762281675,-1.397343106,0.8368498173,-0.1482006878,0
1990-01-15,2.04426686,1.579938241,2.022086338,1.824920372,3.837800044,0
1990-01-22,3.596054292,2.057714586,2.958255918,1.361562241,2.510151215,0
1990-01-29,2.489462485,3.30290736,2.131259905,2.339158981,2.815670998,0
1990-02-05,3.106186777,3.459904102,3.46387143,2.929298797,3.816564087,0
1990-02-12,5.494826107,2.94254435,5.869770725,4.937236275,6.44554104,0
1990-02-19,5.20998847,5.639125243,3.936807037,4.063793904,3.448960737,0
1990-02-26,4.445444944,4.756389756,3.856011742,6.997579652,3.794501411,0
1990-03-05,5.869840172,5.299975589,6.808943531,5.758142547,4.572413932,0
1990-03-12,5.211663521,4.741813254,7.637668404,4.399398553,5.70722436,0
1990-03-19,5.488979334,5.511426836,5.958404759,5.826162794,4.228937962,0
1990-03-26,6.405506642,5.278741656,7.175007406,5.511869248,6.18588361,0
1990-04-02,4.386719755,6.12705394,7.641475916,4.10561753,7.993547133,0
1990-04-09,4.638626538,8.075252851,5.621060138,7.963015311,6.514951761,0
1990-04-16,5.792421558,4.982807944,5.869403252,7.057851629,6.062023628,0
1990-04-23,5.262250093,4.661519816,7.505955727,6.808288531,5.656920765,0
1990-04-30,6.441527461,7.598450456,7.812294407,6.292683789,7.025791833,0
1990-05-07,5.006895254,5.705595652,6.47780019,4.532901761,5.089086556,0
1990-05-14,4.23025004,4.973481002,4.762739387,5.158936601,7.488949661,0
1990-05-21,6.78126206,6.355517979,7.302674403,6.157394066,7.248973039,0
1990-05-28,4.714547433,4.334708194,4.409352836,3.889103704,5.197074532,0
1990-06-04,4.591144065,6.349625574,4.188478079,1.991846544,4.512100772,0
1990-06-11,2.648276249,4.750950307,4.41536227,3.845918427,5.103684243,0
1990-06-18,3.052195597,3.108666913,5.150738742,3.454820767,4.691376824,0
1990-06-25,3.213605991,5.259991615,3.956659378,3.238246818,2.29669167,0
1990-07-02,1.449006423,1.994285077,3.0148655,3.328518644,2.073444867,0
1990-07-09,2.473014617,2.839411971,2.560605129,2.734922411,0.774969164,0
1990-07-16,1.002782989,1.902714259,1.646936347,1.862191484,2.012486617,0
1990-07-23,0.835281815,2.428716854,1.685115079,2.322506953,1.793603448,0
1990-07-30,0.07467752755,2.237895337,-1.853175938,-0.842585641,-0.6735414981,0
1990-08-06,2.111954451,0.2916804154,-0.03693119273,0.7642580808,-0.1955226385,0
1990-08-13,-0.1291105159,-0.8690311616,0.1257086437,0.5109250721,-1.462867209,0
1990-08-20,-1.50026467,0.01741840208,-1.593567824,-1.682116027,-1.341353551,0
1990-08-27,0.1076255826,-1.392634699,-0.3285960117,-2.217789938,-0.1639022692,0
1990-09-03,-2.148123778,1.086107119,-1.131751349,-1.673222255,-1.660762195,0
1990-09-10,-0.8662176184,-0.9385458823,0.6803944849,-1.736622656,-1.375907169,0
1990-09-17,-3.114379211,-1.520030638,0.4183106381,-0.4012896236,-2.782020815,0
1990-09-24,-2.491730419,-0.9788640646,-1.62934994,-1.778083154,-0.9765541608,0
1990-10-01,-0.9031387641,-2.44712629,-1.250837712,-1.956348518,-1.14427332,0
1990-10-08,-0.2250777905,-1.935158409,-1.037491936,-1.575178107,-1.692503621,0
1990-10-15,-0.5833408059,0.4457048208,-1.206368563,0.363923247,-0.9437233848,0
1990-10-22,-0.5907294958,-1.131975492,-0.2800562294,-0.4620378391,-0.2947863329,0
1990-10-29,-0.4283838239,-1.174191111,-0.8855621972,-0.3065311536,-0.9421482772,0
1990-11-05,-1.19344132,0.8217334231,-0.8455346644,0.1750751718,-1.191181873,0
1990-11-12,0.03760205075,1.943150414,1.380157483,2.049506593,2.563020692,0
1990-11-19,0.8237479378,2.003340019,1.913916293,0.5352149822,0.6511140041,0
1990-11-26,2.916798493,2.855723952,1.055360507,3.175184557,1.762916163,0
1990-12-03,2.820002429,1.719589051,3.371739571,2.686880439,3.487223875,0
1990-12-10,1.363935409,1.705164898,2.495397836,2.966556183,6.656030752,0
1990-12-17,4.127505648,5.304755331,4.056586917,6.304322176,2.558935229,0
1990-12-24,4.112234318,4.17463676,5.317660611,3.441677109,4.947143812,0
1990-12-31,4.523078,4.949166984,5.166387435,4.84631424,4.492447715,0
1991-01-07,6.51435969,7.230877543,6.357424313,4.670252162,5.363893097,0
1991-01-14,7.627577844,7.152808331,6.080148678,7.549040292,5.8763663,0
1991-01-21,8.204304554,7.728912207,7.076557852,8.962213369,6.147369467,0
1991-01-28,7.084398337,10.08861821,7.717756429,9.593538642,7.882324498,0
1991-02-04,8.231111358,7.896805503,7.793745387,9.764272487,7.065821047,0
1991-02-11,9.446876723,10.04345342,8.938839128,8.917992823,10.06242086,0
1991-02-18,10.61809887,9.699566866,8.093935442,9.277312763,9.697556677,0
1991-02-25,9.635745092,10.38351161,9.623765582,8.443749557,10.5373543,0
1991-03-04,10.34162115,12.05574855,10.24240463,12.56315366,10.06109152,0
1991-03-11,9.768746239,11.38291697,10.61890146,11.34405929,10.50787728,0
1991-03-18,9.958502463,11.69300517,10.91321164,10.66275218,11.44227299,0
1991-03-25,12.17607019,12.43605171,11.30178017,12.69160126,10.19949374,0
1991-04-01,12.85624003,11.13504727,11.97944152,10.52723548,11.14200957,0
1991-04-08,11.49153425,10.7243347,12.43806144,11.9701664,10.70393086,0
1991-04-15,12.55824199,10.50989989,10.90494386,11.38207995,10.66414028,0
1991-04-22,11.83671724,9.508724624,10.27188036,12.11375835,9.365242973,0
1991-04-29,10.68216037,13.38348726,10.28523572,11.26370659,12.66660672,0
1991-05-06,11.47631493,10.01171096,10.62771641,9.663991438,10.42838058,0
1991-05-13,12.38059031,10.62130012,10.49063242,10.91813011,12.0059298,0
1991-05-20,10.47978725,10.23879999,9.745617225,11.56447743,11.58440561,0
1991-05-27,11.70496739,10.44773043,8.844207069,10.11110733,8.854324027,0
1991-06-03,7.103870756,10.53935307,9.267495033,10.49873098,8.635204625,0
1991-06-10,10.09492694,10.13349792,9.454451055,8.22749495,11.83352739,0
1991-06-17,8.88362539,8.213500883,9.391607787,8.770317528,10.54750426,0
1991-06-24,8.003676051,8.135561687,7.745260348,7.678172946,8.271164888,0
1991-07-01,7.891760777,8.08257995,7.387002178,8.54698084,8.057373106,0
1991-07-08,5.309747684,7.048625473,6.37061829,7.328808161,6.666470196,0
1991-07-15,6.583749791,8.410767255,6.771982508,7.493495355,7.235774393,0
1991-07-22,6.684088136,6.817950516,5.478546931,7.414685991,5.609793664,0
1991-07-29,7.354278185,6.611261926,6.449511953,6.568002715,3.844030375,0
1991-08-05,4.941406048,6.122557535,3.673809774,5.732794701,4.13812048,0
1991-08-12,4.275893106,6.257860566,4.724757036,4.08617445,5.105479457,0
1991-08-19,4.255689216,4.938467818,5.058553598,4.754660148,3.626379024,0
1991-08-26,5.400482788,3.188248723,4.668915187,3.951990269,4.417803206,0
1991-09-02,4.601470981,4.672407823,6.965753536,3.928655915,3.198058832,0
1991-09-09,3.595158583,3.473561893,4.474718811,3.750384636,3.342564864,0
1991-09-16,4.558558346,3.516674231,3.041236316,3.065365338,4.898456219,0
1991-09-23,4.133533179,4.622819648,3.940991382,2.07911704,4.283936177,0
1991-09-30,5.068644991,5.338283071,2.323753667,3.431856952,4.090335579,0
1991-10-07,3.534402536,4.257727206,4.15585588,4.429835081,5.115419603,0
1991-10-14,4.117628766,4.754123925,3.612234856,3.097113867,4.925899506,0
1991-10-21,4.332810633,6.427133731,5.640309062,4.740601023,6.171482078,0
1991-10-28,3.609204924,5.313473051,4.523179597,6.972988296,4.612860609,0
1991-11-04,5.781200948,8.086763785,5.368314755,6.508137226,5.055445692,0
1991-11-11,6.218501531,6.522955905,5.321888418,7.600987768,4.656336993,0
1991-11-18,6.489500165,4.72362395,8.223238061,6.875514586,6.055405991,0
1991-11-25,6.825089133,7.813017887,6.7384335,8.227186089,8.024446161,0
1991-12-02,6.261013398,8.057542525,9.508941183,6.952419409,8.976371512,0
1991-12-09,7.906330242,9.616728319,9.141127327,7.682635298,9.287280733,0
1991-12-16,8.660707162,9.67660303,9.485488406,6.264281472,7.209229812,0
1991-12-23,8.89503933,9.558860615,10.06604975,10.88346207,10.78046181,0
1991-12-30,10.23871429,9.175701764,10.7937973,11.94032398,8.561481377,0
1992-01-06,11.50673426,10.89366014,9.175010822,10.54950616,12.00080073,0
1992-01-13,13.68276422,10.94605787,11.51769493,11.54262662,11.42879379,0
1992-01-20,12.64760225,11.89250099,13.31818241,11.71916232,13.17555775,0
1992-01-27,13.38116625,13.71219426,13.07471868,13.50626941,11.79116751,0
1992-02-03,13.66587782,15.41022824,12.33513389,14.86525628,14.91149137,0
1992-02-10,12.39684208,14.71028482,14.26320884,12.57284132,12.85063855,0
1992-02-17,14.81603987,13.64667068,16.54665926,15.25199227,14.17409883,0
1992-02-24,15.37514954,15.759522,16.56181105,15.03824756,14.3168247,0
1992-03-02,18.19052224,16.92391161,15.66527612,15.84067452,13.97299528,0
1992-03-09,15.88272025,15.46529831,17.02653049,16.53407522,16.16960878,0
1992-03-16,16.65625643,16.22069192,15.98820207,16.16650665,18.1607982,0
1992-03-23,16.5288326,16.57823257,14.85967278,16.45995752,19.23044959,0
1992-03-30,15.53132196,15.91510169,15.77553401,16.48612483,16.79715579,0
1992-04-06,17.90636719,17.4118248,18.32643314,17.73386057,17.88022565,0
1992-04-13,17.50664212,16.63376094,16.48071601,17.17346905,16.98680373,0
1992-04-20,17.46611316,17.09461366,16.43169723,16.89566475,17.17396441,0
1992-04-27,15.61789267,15.63978795,16.22744193,15.25632841,16.18513148,0
1992-05-04,17.71771364,15.87746103,18.21905592,15.93633959,16.50999625,0
1992-05-11,14.64070268,16.7649351,17.66851266,16.9412229,16.58003245,0
1992-05-18,16.30247039,15.34278014,17.93439352,15.75330986,15.13715356,0
1992-05-25,17.53077936,17.06728758,15.18127852,15.9998552,15.26282943,0
1992-06-01,13.93307954,14.52397967,15.21924035,16.69012766,14.86518574,0
1992-06-08,13.90672671,14.69770916,12.95638189,15.5116305,15.29942775,0
1992-06-15,14.09622969,14.92916915,15.47351275,14.08973666,12.93054615,0
1992-06-22,12.99920775,12.08431767,12.33490385,12.99169423,13.45114119,0
1992-06-29,11.44933657,11.23919119,13.21677556,10.4464504,14.91200547,0
1992-07-06,12.56587957,10.97166028,11.40001407,12.32893168,13.66137675,0
1992-07-13,10.94111796,13.26600578,11.41455485,11.67740918,13.35260073,0
1992-07-20,12.000568,10.97511742,10.68971313,11.91734176,11.5514074,0
1992-07-27,10.15695991,13.63458343,10.46850888,10.92247891,11.3973817,0
1992-08-03,12.20961067,10.09542867,10.12055356,10.33929121,11.66191243,0
1992-08-10,9.501133416,10.46893801,9.736117914,8.504987778,11.84464224,0
1992-08-17,9.635384743,11.49955621,10.79078017,9.01747843,8.005843346,0
1992-08-24,10.49859789,11.69117356,8.580217877,10.16173171,8.369639363,0
1992-08-31,8.241855555,11.53422345,9.693261299,11.1886275,10.78216397,0
1992-09-07,9.552378721,10.53328502,10.54287794,9.227393403,9.048029431,0
1992-09-14,10.55243367,10.26935344,8.732094548,9.573101986,8.573570124,0
1992-09-21,7.628972395,9.828982579,8.518536739,10.18893379,7.982294643,0
1992-09-28,9.484633859,10.07836108,9.069475375,8.489106064,8.744983298,0
1992-10-05,9.696338424,8.885269913,10.61618084,9.803269673,8.034086346,0
1992-10-12,10.42711378,8.827092029,9.839398544,8.904800807,11.73638519,0
1992-10-19,8.687968076,9.921544329,9.393704492,10.78974323,9.902482735,0
1992-10-26,8.952263259,10.10253525,10.75659652,10.42412292,10.21476933,0
1992-11-02,11.20702224,10.23185262,9.582788521,10.98353248,11.27315735,0
1992-11-09,11.45443093,11.85383371,11.83880577,10.37484766,12.11979143,0
1992-11-16,11.93487956,12.63969192,12.09299402,12.39141907,12.63027487,0
1992-11-23,12.60612448,12.34808315,11.9518678,14.34438919,13.33329821,0
1992-11-30,12.19635942,14.35391422,12.03779834,11.86847244,12.24553859,0
1992-12-07,13.75922926,12.38528645,12.64029464,13.18721656,13.22910876,0
1992-12-14,14.49649415,14.00976222,14.73823901,14.43502915,14.97245333,0
1992-12-21,14.18296518,14.18049428,16.1262971,15.68372281,14.36992754,0
1992-12-28,17.46577451,13.73346338,14.96269225,15.04045371,15.59489337,0
1993-01-04,16.77651632,16.22000272,16.7610701,13.46965311,16.70144717,0
1993-01-11,15.80527482,16.87483081,14.9095513,18.35576782,17.7817634,0
1993-01-18,18.32957804,19.18647418,17.0884067,18.43353055,15.89534347,0
1993-01-25,17.34893419,18.95442754,18.29255693,16.58066833,19.03836151,0
1993-02-01,19.72740834,17.91613691,18.03064032,18.33275494,18.70659968,0
1993-02-08,20.67420887,21.36970586,18.57910692,21.08379572,20.223071,0
1993-02-15,19.22187142,21.26358744,19.37477418,21.49035016,20.81948543,0
1993-02-22,21.47829546,21.09701703,20.80711206,21.45355935,22.12283439,0
1993-03-01,21.34006106,20.70079603,20.73995111,20.75116769,22.28073378,0
1993-03-08,22.09714137,20.31564198,19.03684998,21.35806863,22.62165288,0
1993-03-15,23.45150207,21.18250231,19.43400893,21.42378328,22.99837941,0
1993-03-22,21.51815625,22.85229299,21.15667919,22.89178415,22.05492336,0
1993-03-29,21.14626384,23.78458631,22.35768659,21.02415759,21.93218509,0
1993-04-05,21.07402994,23.5067879,19.21603953,21.15774472,22.83636145,0
1993-04-12,21.1388988,21.46585967,21.45497891,22.96498367,22.68679004,0
1993-04-19,21.7979795,20.75546378,21.34883336,21.83071976,21.56601498,0
1993-04-26,22.0684321,21.86816638,23.11561791,23.10574748,22.13210354,0
1993-05-03,21.79161013,19.74647996,21.12989752,20.84340712,21.47982286,0
1993-05-10,22.06973699,21.56572146,21.62554273,21.18777538,20.38862083,0
1993-05-17,20.92861518,20.7680107,21.05687043,19.99320031,22.20607403,0
1993-05-24,21.99385781,20.07428723,18.40975725,20.54768642,20.59552298,0
1993-05-31,19.85895903,18.52891279,20.89182308,18.64506892,22.17232412,0
1993-06-07,22.3931936,20.18662454,19.88842094,19.18539101,18.04753217,0
1993-06-14,19.82224567,18.66387748,19.70484696,17.76032446,18.63979955,0
1993-06-21,17.84552584,17.53276657,22.62892111,19.39660663,18.73532224,0
1993-06-28,17.1291075,15.32773779,16.11588706,18.91658934,19.3373811,0
1993-07-05,18.17978901,17.66980169,19.42201325,15.96705387,18.09678597,0
1993-07-12,16.97995889,18.97567328,16.91597416,18.53730742,17.51389443,0
1993-07-19,17.44097606,18.38823478,17.01430447,19.22439069,15.59971177,0
1993-07-26,16.74962176,15.81928788,16.23087189,16.32239053,15.11944274,0
1993-08-02,15.78684735,15.25746421,15.43543993,15.21856201,16.18218093,0
1993-08-09,14.63759299,15.95316096,14.91455378,18.3087173,14.12028071,0
1993-08-16,13.64259903,14.15906082,15.48695499,13.83847776,14.62556851,0
1993-08-23,14.43856572,15.18687257,13.36790697,14.90518714,15.385998,0
1993-08-30,15.52911867,15.43880015,15.42329904,14.85234214,13.6903956,0
1993-09-06,14.73901253,15.75185201,14.10872438,15.87006641,16.13027475,0
1993-09-13,13.19955213,14.34513684,13.31522157,14.80502989,15.66922726,0
1993-09-20,14.60963656,14.23278188,13.98644277,13.93782173,12.86503563,0
1993-09-27,14.88531738,13.62201741,15.75714922,13.54881563,13.56762876,0
1993-10-04,13.75259819,13.80957528,14.10112054,14.29463381,12.35067839,0
1993-10-11,14.99901602,14.61881202,15.20374453,13.83836355,14.06269955,0
1993-10-18,15.18312751,15.49228429,14.39396251,15.17274411,15.89130726,0
1993-10-25,14.32974957,16.3863045,16.23064172,14.90852369,15.05882493,0
1993-11-01,16.24286803,15.08190172,16.57058841,14.39104288,16.34587791,0
1993-11-08,16.91823079,17.85013483,18.20605509,17.61259205,14.83511194,0
1993-11-15,17.96743795,16.61326311,16.70882276,16.38671419,17.68236196,0
1993-11-22,18.51347832,17.43830897,18.12833107,16.19153946,16.90456704,0
1993-11-29,16.69871477,17.32917246,18.17445168,17.90812501,18.08855382,0
1993-12-06,17.78915052,16.3027353,20.02284735,18.79534713,18.63410106,0
1993-12-13,19.91845695,20.28746707,18.68458929,17.65695495,18.13187316,0
1993-12-20,20.61110255,20.8341605,20.84232191,20.42896427,18.94423227,0
1993-12-27,21.31504769,20.51867244,20.6053027,19.75284243,21.76779447,0
1994-01-03,25.35541489,21.56967412,21.43849522,23.21371221,21.90167556,0
1994-01-10,22.76746883,22.71251754,22.28833081,22.72053883,23.24662736,0
1994-01-17,24.00859008,21.31047858,23.12526483,22.47312445,23.19768267,0
1994-01-24,24.47761762,22.99456318,23.40738682,22.77844809,23.6666065,0
1994-01-31,24.79171498,24.93458841,24.35503692,24.03535603,22.41431311,0
1994-02-07,24.40034405,23.46132387,26.29373135,25.32840403,24.44524659,0
1994-02-14,26.00152296,25.53611167,26.22800343,25.21705961,25.21516942,0
1994-02-21,24.94209411,24.35833752,26.58407392,25.49776052,27.66802653,0
1994-02-28,25.89046152,26.59371011,25.6717406,26.18565042,26.81423676,0
1994-03-07,25.98971767,26.43943973,25.58584039,25.87122228,28.0111424,0
1994-03-14,26.83658323,25.13957727,27.71000965,26.41150316,27.35224679,0
1994-03-21,29.27820294,28.12828372,27.83959116,24.87775193,26.25224114,0
1994-03-28,25.23273481,26.36540842,28.57267068,28.07372623,27.21712422,0
1994-04-04,27.84980456,26.35329193,26.55956374,27.46234215,27.39976802,0
1994-04-11,25.54199322,27.35527828,26.92516043,26.38125324,26.21555352,0
1994-04-18,26.60314935,28.22371856,25.43559705,28.97381619,26.69069384,0
1994-04-25,28.01623073,25.91145831,26.53480902,27.01429661,26.72151313,0
1994-05-02,26.77919935,26.77659918,27.71148984,25.67877576,28.32053916,0
1994-05-09,25.36480896,26.87137024,25.97605836,27.29929116,24.36181322,0
1994-05-16,25.40030958,26.8087189,26.75609309,26.51366151,27.32143171,0
1994-05-23,26.41992148,25.91676529,25.54982063,26.13490372,24.8035285,0
1994-05-30,24.59324923,24.95658802,25.64767289,24.89786026,23.95153667,0
1994-06-06,25.08948302,24.04543421,23.72533305,25.32352016,26.05296657,0
1994-06-13,24.44215016,24.4827222,24.48178777,24.13482003,25.12847639,0
1994-06-20,23.25108305,22.83054439,20.91154743,24.45862485,25.1572021,0
1994-06-27,25.54394409,20.47864952,23.21310384,21.49505555,24.20070195,0
1994-07-04,23.53123562,23.3338764,21.26684336,22.46344314,24.9571616,0
1994-07-11,20.37827909,23.30735652,23.6094162,24.12557678,22.96214552,0
1994-07-18,22.11342988,19.56404313,22.70438292,21.15990811,21.77049819,0
1994-07-25,20.81459768,20.46665344,21.94305512,20.87254584,21.81931052,0
1994-08-01,21.9121096,21.67883053,22.58068249,20.61171493,22.30314539,0
1994-08-08,19.89186597,22.74188218,19.73547019,19.46958057,19.90501138,0
1994-08-15,20.24270982,20.37823997,22.10480946,18.14916548,19.70555768,0
1994-08-22,20.59006795,19.35707773,21.01727223,19.85449427,19.77612066,0
1994-08-29,20.73847507,19.68982343,19.63616458,20.0085793,17.76813707,0
1994-09-05,18.52462238,21.09979521,20.86053893,19.67241372,19.86299719,0
1994-09-12,19.31078968,18.99932673,18.5389974,19.50041235,17.75916221,0
1994-09-19,19.16151032,18.83726362,18.81194147,19.6794965,19.68951494,0
1994-09-26,19.04667077,19.21725648,19.09141028,20.72284147,20.56528976,0
1994-10-03,21.60190987,18.88312702,19.30747792,19.64600944,19.35957917,0
1994-10-10,20.45027262,20.16796123,18.98873327,19.47120834,21.72240678,0
1994-10-17,19.06403483,21.94959725,21.54800185,20.0437933,18.86441789,0
1994-10-24,21.59058182,20.99579914,20.41386547,21.25206663,21.86398055,0
1994-10-31,23.20723687,20.83272717,21.43758564,22.49710755,21.76021773,0
1994-11-07,22.58991152,21.26563499,20.98709489,20.92930252,19.84141301,0
1994-11-14,20.56501674,20.5211959,20.26378341,22.1833205,24.79518101,0
1994-11-21,22.17544219,23.54278604,22.92973362,22.99803371,22.59593098,0
1994-11-28,24.54329529,23.19854694,21.36412916,22.28380613,22.39890012,0
1994-12-05,23.2193061,23.74649565,23.85834152,23.94739273,22.51988837,0
1994-12-12,25.04724111,27.79652925,23.23510664,23.13774782,24.38340365,0
1994-12-19,26.07195065,25.59606951,27.2845926,23.52826629,25.16990973,0
1994-12-26,25.07306953,25.24820895,26.91136272,26.36674641,26.10264553,0
1995-01-02,26.64315805,27.23358846,26.80843719,26.31880866,26.40488725,0
1995-01-09,24.15531098,30.40391672,28.660285,27.59885873,28.02980363,0
1995-01-16,27.04863679,30.83878548,27.22670846,28.05512946,27.6853946,0
1995-01-23,28.47104771,30.57727335,29.26709524,27.74721581,26.78865174,0
1995-01-30,28.09254055,33.99961764,29.54013417,29.29506943,29.19096224,0
1995-02-06,31.5480246,33.2183047,30.17963337,28.68251199,27.54813564,0
1995-02-13,29.01241236,36.28668701,31.71490724,31.8335261,30.79632437,0
1995-02-20,30.47487484,35.73503237,31.64741143,29.55894898,29.9356191,0
1995-02-27,31.45802071,34.1718937,31.61600379,31.13149486,31.49064048,0
1995-03-06,33.1163545,35.60858821,30.02019378,30.63280963,32.98915619,0
1995-03-13,30.51884694,33.88145729,30.99466279,32.52513026,31.00596039,0
1995-03-20,33.32670812,33.9735807,32.04083544,31.832113,33.22480063,0
1995-03-27,32.31023306,32.78473282,32.39337237,31.78133328,31.86661043,0
1995-04-03,31.38203572,30.55992506,31.23334065,33.21674592,34.11673917,0
1995-04-10,32.81681256,29.85226657,34.76638576,32.38413968,31.98955647,0
1995-04-17,32.47414091,30.6525514,33.79147527,32.79172566,31.43458823,0
1995-04-24,31.52706325,28.50056933,32.72939845,31.14595419,32.81451858,0
1995-05-01,31.98472141,27.7712059,31.98695619,30.51010239,31.4791296,0
1995-05-08,31.25724014,26.71659567,31.43034477,31.7497617,30.80110423,0
1995-05-15,31.42913064,27.76837686,30.36369483,30.99676694,30.83777344,0
1995-05-22,31.60245441,29.26278368,31.01780425,31.56675841,30.8957172,0
1995-05-29,32.10963268,26.16414748,30.7813684,30.44370741,31.86579599,0
1995-06-05,28.83520894,27.44475326,28.83126386,30.27809977,28.13893669,0
1995-06-12,31.7296117,29.14990619,29.93075474,27.97319579,29.61965898,0
1995-06-19,27.1505956,28.06577935,28.94742435,30.99112034,29.727587,0
1995-06-26,28.4482149,29.0523718,26.69219244,28.43575801,28.79344857,0
1995-07-03,28.68563381,27.99218573,27.23693159,28.79490357,29.40718177,0
1995-07-10,27.88441355,29.89062146,27.18981615,26.76733001,27.52907635,0
1995-07-17,26.50427604,29.59232193,29.01466322,27.43498547,26.94242412,0
1995-07-24,26.46826189,30.9540496,27.23293726,25.37353938,27.26871369,0
1995-07-31,25.76667533,31.18712729,24.9241947,26.7117441,26.35899008,0
1995-08-07,25.29502195,32.44478585,26.370423,25.52841262,25.49397797,0
1995-08-14,26.40704836,30.10791493,24.01014227,25.58663676,26.0735903,0
1995-08-21,25.64209616,29.35094196,26.36777172,25.9830547,24.63255238,0
1995-08-28,24.37981028,28.55903964,24.60159522,23.84017956,24.46154272,0
1995-09-04,25.82451866,27.22424313,24.8312826,24.24042706,24.39692476,0
1995-09-11,25.15259043,27.04266744,26.17108756,25.30261519,26.19836007,0
1995-09-18,25.64931775,25.49831688,23.54929206,26.9346771,21.61543927,0
1995-09-25,25.52962884,25.06846098,23.50288181,24.76191767,25.29559883,0
1995-10-02,24.20746062,25.39679051,24.4528563,25.62759175,25.07072744,1
1995-10-09,24.68510987,22.37985566,26.28366976,25.13831944,23.56442045,1
1995-10-16,26.27221239,24.01230671,24.00557271,27.46716438,25.83464557,1
1995-10-23,26.48309014,23.89789948,23.04056427,24.1254982,26.34847186,1
1995-10-30,26.26417908,22.42694717,25.83392181,26.37970172,26.8747199,1
1995-11-06,26.87477364,20.66475586,27.30918706,25.13190223,24.1056182,1
1995-11-13,28.5620516,22.70572923,28.48464846,24.77781514,28.65077612,1
1995-11-20,27.26810488,25.41660584,27.3965149,28.15713832,27.12193956,1
1995-11-27,29.02348152,25.16158061,28.06495753,28.61588194,29.16295189,1
1995-12-04,28.92478291,25.4751827,30.2808763,28.84213863,29.86804935,1
1995-12-11,29.58574048,27.43975407,27.93367998,29.69722759,28.92672459,1
1995-12-18,31.59609345,30.38067397,30.10879582,33.59561603,31.15777655,1
1995-12-25,32.02541635,31.74673357,31.39042389,30.94182486,30.81450676,1
1996-01-01,32.71619304,32.62101396,32.35190212,32.41280776,29.83130622,1
1996-01-08,33.90205713,34.0886466,32.08677163,31.9472135,33.76432025,1
1996-01-15,33.29402828,35.53375692,33.30746545,33.56825701,32.49797947,1
1996-01-22,34.60556883,36.29314114,31.43528851,33.68538219,33.0691224,1
1996-01-29,34.23005698,39.89576439,33.88207532,34.12980525,34.13725787,1
1996-02-05,35.43977964,38.76412832,35.569122,36.93451182,35.38785002,1
1996-02-12,35.51241069,40.83054776,34.66025971,36.8197387,35.58528333,1
1996-02-19,36.21191529,41.37630035,36.17390355,36.25166598,36.66298625,1
1996-02-26,37.12243715,40.81752649,36.97415263,34.22306819,35.18779076,1
1996-03-04,36.05686053,39.09595153,36.53253201,36.51407199,36.13269484,1
1996-03-11,39.24709636,39.41733187,37.32517286,39.85773665,37.03871201,1
1996-03-18,36.35752699,38.29661142,36.40081181,37.1328827,39.26143166,1
1996-03-25,36.28581139,36.59629814,37.29338872,38.60321757,37.38618746,1
1996-04-01,38.72165524,36.930641,38.17376054,39.00548677,38.64876663,1
1996-04-08,38.34637178,34.51677661,37.71168205,37.773673,37.59326426,1
1996-04-15,38.09920103,36.01026997,36.88854994,36.63325958,36.99142258,1
1996-04-22,37.95562564,33.57072737,37.55149653,34.8919678,37.0805557,1
1996-04-29,37.10267256,33.57601401,37.82952912,37.79908254,36.94649962,1
1996-05-06,35.94529937,33.15500612,34.79261246,36.02779774,37.44619948,1
1996-05-13,36.59141785,32.28587282,37.67468736,36.69176374,37.89022456,1
1996-05-20,35.46316202,32.98695256,35.80406899,34.89050339,36.50000458,1
1996-05-27,36.69873559,31.95677674,36.14910579,35.45837832,36.91069354,1
1996-06-03,35.12596705,33.4918311,36.47027136,35.30674349,34.3082347,1
1996-06-10,33.97108112,31.59170595,33.42490462,35.0651719,34.38194781,1
1996-06-17,33.98129756,33.47180032,33.5932424,33.18786121,33.57838087,1
1996-06-24,34.21293145,35.738929,33.5114513,34.99691095,34.11444459,1
1996-07-01,32.73359205,33.25424793,32.51356308,32.70042181,32.93835821,1
1996-07-08,31.98120128,33.9845694,34.53835825,31.12895222,33.53319462,1
1996-07-15,32.57066278,35.49337405,31.47020347,32.21795214,31.39597385,1
1996-07-22,32.12135071,35.34790139,31.32083736,31.91075945,31.91941511,1
1996-07-29,30.95273309,35.55037134,31.6640653,31.6202657,32.14653418,1
1996-08-05,30.6133484,35.54440934,29.88223718,32.44651911,29.01908393,1
1996-08-12,30.9894962,35.36300322,30.36176555,30.52099742,32.87907757,1
1996-08-19,29.03699633,35.33484548,30.80253393,30.36546105,30.20192879,1
1996-08-26,28.8652561,33.97447399,29.93985947,29.16953549,28.24767996,1
1996-09-02,29.40647457,32.53615176,30.03153193,30.94547229,30.28301269,1
1996-09-09,29.83184376,32.5767573,29.5159588,30.22959998,30.07873438,1
1996-09-16,30.3473632,32.89360022,28.52198532,29.6164279,29.95456125,1
1996-09-23,31.57535622,29.96736625,30.42159321,28.19532531,31.09119111,1
1996-09-30,31.09411525,28.30466367,31.9913887,31.68086782,30.9839006,1
1996-10-07,30.28535238,29.69347889,30.46369254,29.21761095,30.7431671,1
1996-10-14,30.70590258,27.95204699,30.9501829,30.13364078,31.17507442,1
1996-10-21,30.07019051,25.60811486,31.76544263,31.43106438,30.96836142,1
1996-10-28,31.46656753,28.59243738,30.21575017,30.28852274,33.26057152,1
1996-11-04,31.66878762,27.45128258,33.65996092,30.46393648,30.47825024,1
1996-11-11,32.80710527,28.42301793,32.68671551,30.36043913,32.62403838,1
1996-11-18,32.23244532,29.65159163,34.69153317,33.78067322,33.1247009,1
1996-11-25,34.19573065,30.57494836,32.94335114,33.1311979,34.48966455,1
1996-12-02,35.85971448,32.38393675,36.14503749,37.25424566,33.48312169,1
1996-12-09,34.89466153,32.70904262,35.77857717,34.00906661,33.25974908,1
1996-12-16,36.09902832,35.25315974,36.25035668,34.77586558,35.85413961,1
1996-12-23,37.09014399,36.14045332,36.63402445,35.83460703,36.68123049,1
1996-12-30,36.70146293,38.79875654,36.85415478,37.34581806,38.59228281,1
1997-01-06,38.0206708,40.27083849,38.99710998,37.32637498,36.52621628,1
1997-01-13,38.48561684,40.19007637,38.61338431,39.08535665,39.6277182,1
1997-01-20,39.22129196,43.50153344,37.15654616,38.14502747,41.49103022,1
1997-01-27,38.96731395,42.94442526,38.62313727,38.35873202,39.36255885,1
1997-02-03,40.34012347,45.09450659,40.12976754,38.51739855,39.02467107,1
1997-02-10,41.34055203,45.18067655,41.15255272,38.61897957,40.43557937,1
1997-02-17,42.76606294,46.89316798,41.25833084,40.79685031,41.3289243,1
1997-02-24,42.68655095,44.79574961,42.94625092,41.42629982,42.291068,1
1997-03-03,44.22826367,44.37825505,40.12397935,41.44364419,41.48368648,1
1997-03-10,41.58736152,44.19418217,42.49829702,43.59811488,43.90990762,1
1997-03-17,43.43586501,43.21762724,40.74556515,43.79157458,41.44901206,1
1997-03-24,42.88334201,43.4999419,43.4597123,42.36519701,40.96079485,1
1997-03-31,44.9533473,40.1899711,42.66908566,40.96962326,43.87025479,1
1997-04-07,41.9464108,39.84213398,43.17431906,42.18800398,40.48008806,1
1997-04-14,41.83535937,38.95478766,41.81119825,42.07525982,42.47095144,1
1997-04-21,41.92788748,40.18565226,43.80674506,41.87014517,45.64496126,1
1997-04-28,40.19102361,40.28546773,43.35664399,41.61720043,42.30287578,1
1997-05-05,41.51679872,37.96726903,42.62609804,41.38909085,40.92178609,1
1997-05-12,40.95648063,37.57595607,41.58609604,41.32907168,41.65821583,1
1997-05-19,41.49071752,37.67031093,41.92018102,40.70478263,41.28952295,1
1997-05-26,41.26537184,38.7935587,40.21672329,41.13193837,41.0842658,1
1997-06-02,42.34919527,36.89318067,41.32858009,40.83339315,41.13528742,1
1997-06-09,40.94700216,38.37605462,41.64605922,39.08593323,38.95746715,1
1997-06-16,38.92577975,39.52061837,40.57329396,40.77374873,41.19023146,1
1997-06-23,38.10158533,39.50109417,36.86094066,38.0199377,39.24511428,1
1997-06-30,38.98923577,39.64416087,35.78356432,36.87951598,39.22411065,1
1997-07-07,36.68318847,40.86336046,36.42047098,38.38419975,37.37527228,1
1997-07-14,39.35843433,37.4762339,37.20747845,36.70956743,38.8133577,1
1997-07-21,38.25582426,41.04619492,37.75326847,37.39767561,36.81933173,1
1997-07-28,36.19050061,39.74566555,34.0636266,34.25600767,36.93722878,1
1997-08-04,34.57125218,38.42458931,31.10768914,37.67684265,35.35128063,1
1997-08-11,37.31131863,40.43948436,34.89761349,36.62973967,34.96051463,1
1997-08-18,35.57054083,40.79880419,34.7729827,34.18460412,36.37328598,1
1997-08-25,36.71053618,38.62720682,35.53056499,33.99394275,35.02911304,1
1997-09-01,33.73049113,38.93028397,34.31749817,36.99718469,34.4710957,0
1997-09-08,34.64591589,38.71646186,38.85411387,34.50791101,34.60210757,0
1997-09-15,35.24169933,37.50863274,31.2189054,34.40227078,35.9354087,0
1997-09-22,35.34698059,36.93996453,37.1665435,33.03394791,34.67096214,0
1997-09-29,34.98639016,35.22132046,36.03652481,35.08567742,35.3188007,0
1997-10-06,36.26814085,33.86183186,39.01986777,35.4175713,35.66031866,0
1997-10-13,34.85729836,31.67046234,35.60096027,36.64041188,34.0075699,0
1997-10-20,36.13034039,32.73472192,37.93966403,34.87364144,34.80159347,0
1997-10-27,36.8053763,32.1017691,36.40156441,35.16479388,37.02135856,0
1997-11-03,37.67188509,35.35755348,34.60217603,37.60840889,36.4204169,0
1997-11-10,38.39600159,33.5376654,40.38599808,38.69111678,38.74111162,0
1997-11-17,37.13503417,34.6428161,38.77236813,36.68852392,39.22648337,0
1997-11-24,37.34226997,36.13593405,37.410145,39.95789823,39.59555281,0
1997-12-01,40.80465239,36.91808738,43.31478172,39.56451741,41.34674735,0
1997-12-08,40.53573569,40.03958003,38.21219172,41.29522702,40.12033235,0
1997-12-15,40.14883006,39.31740458,41.67680525,40.82709624,41.54619852,0
1997-12-22,43.15115198,41.79460746,40.33097633,39.07772208,41.01559902,0
1997-12-29,42.41835804,42.51747547,42.00077405,42.15071602,44.75505331,0
1998-01-05,44.17587551,43.5354485,41.40993495,44.05672214,44.98021197,0
1998-01-12,43.74054292,45.71374598,42.16751894,42.77927842,43.68490487,0
1998-01-19,46.38436379,47.57851453,42.80726741,43.93565089,44.71020209,0
1998-01-26,46.69566458,48.25108648,48.08547165,44.76419023,46.29962133,0
1998-02-02,45.26664914,48.79402781,48.23954544,42.61609941,45.36847379,0
1998-02-09,47.01412469,48.60707177,44.89611213,47.71390132,45.38592967,0
1998-02-16,47.16029528,50.17187873,47.47463815,45.61354365,47.38890908,0
1998-02-23,48.29591169,48.71449522,46.07115403,47.43301556,47.00571937,0
1998-03-02,46.31015775,50.68762781,50.83501876,47.18838008,47.45807566,0
1998-03-09,48.24076055,49.49604153,45.02677651,48.81232814,46.72043774,0
1998-03-16,48.82196886,47.26325553,48.12813425,48.16960049,46.04587222,0
1998-03-23,46.14126051,47.59079092,49.58923963,47.66507573,48.13614241,0
1998-03-30,46.78028586,46.25412531,46.84106435,47.07002928,48.86850641,0
1998-04-06,45.91547691,46.41499091,51.54233164,48.75255979,47.72890234,0
1998-04-13,47.60567438,46.56304103,44.1065325,46.00163991,49.31151073,0
1998-04-20,48.44482238,42.5601722,50.27439053,48.37317055,47.0233638,0
1998-04-27,49.01727638,43.88988044,46.65890279,46.41587458,46.46021487,0
1998-05-04,47.31664852,43.11158545,45.86051402,48.4948374,47.17532343,0
1998-05-11,48.54422884,43.61611787,43.97757664,47.07691283,46.83302072,0
1998-05-18,45.16022228,43.01345539,45.2615271,47.1844475,47.31029246,0
1998-05-25,44.42023342,42.07971106,41.13701458,46.20560467,45.34865304,0
1998-06-01,45.61747674,42.70147987,44.08290969,43.92064734,47.04111867,0
1998-06-08,45.58064377,42.54165978,43.88341257,44.33584916,47.16349528,0
1998-06-15,44.66998865,44.82142788,44.98699081,45.37507274,44.66353937,0
1998-06-22,42.1325579,44.22131165,43.37778006,44.36665582,45.44971042,0
1998-06-29,43.60819656,46.55576994,44.42207838,44.8783065,42.64081953,0
1998-07-06,41.89895218,45.00165355,42.34102373,43.60669624,44.27864322,0
1998-07-13,43.39664811,44.67105943,41.27865186,41.76027367,43.77425197,0
1998-07-20,42.64298239,44.05460521,45.26733079,41.48032,43.13982142,0
1998-07-27,40.91979648,43.79660156,40.84517839,41.96259366,41.84411318,0
1998-08-03,40.97051979,43.87108626,44.3377129,39.17034264,38.53013777,0
1998-08-10,40.09823274,45.39540841,39.97672349,42.83088814,40.51571912,0
1998-08-17,40.82240157,45.13387066,39.73529387,41.32682741,40.25916465,0
1998-08-24,41.62786219,42.38346463,41.06162139,41.89975447,39.69446493,0
1998-08-31,39.53919274,44.07244773,42.67877992,38.94431485,40.64716179,0
1998-09-07,40.94933743,41.82112255,40.38171928,41.68985607,40.02632747,0
1998-09-14,39.90619801,41.5405113,39.56334585,42.66795454,39.61184362,0
1998-09-21,39.70712717,42.11222063,39.97219218,39.17912164,39.44119985,0
1998-09-28,40.52942527,40.57603229,40.36662463,41.40785742,39.92094264,0
1998-10-05,39.81004859,38.71786758,43.23614448,40.84640086,41.96679012,0
1998-10-12,40.57126948,37.58123593,39.81624658,39.58048494,40.46389373,0
1998-10-19,40.27484198,36.02896901,43.48652038,41.96560384,40.95778117,0
1998-10-26,43.8498058,37.42586238,44.15958312,42.71868388,41.42838306,0
1998-11-02,42.39270981,38.17548052,42.36763025,41.75631971,42.69643977,0
1998-11-09,42.1846612,37.92637169,42.04090723,44.05030323,43.3406362,0
1998-11-16,43.67365618,39.58835433,39.92045247,41.79291286,40.41501973,0
1998-11-23,43.96405609,40.86130056,39.79023632,42.58162799,45.09801935,0
1998-11-30,44.50600597,41.84962895,46.01935511,44.86357296,46.1633436,0
1998-12-07,46.01758838,42.89452641,46.19219533,45.42880696,44.35323514,0
1998-12-14,46.85482431,45.30870861,45.58989379,45.38074311,45.12501835,0
1998-12-21,46.26949885,47.24194065,46.18339058,47.60959444,46.34974661,0
1998-12-28,46.92686516,47.36954698,47.05108672,48.03357772,46.74667938,0
1999-01-04,47.92152662,51.46640339,49.67193969,49.05471739,48.4205052,0
1999-01-11,46.57110327,51.42692694,50.37582108,48.749888,46.92649915,0
1999-01-18,48.0084248,52.83440095,46.83298064,50.12619613,48.40568825,0
1999-01-25,51.507198,54.58860313,53.0143539,49.69467343,51.67952093,0
1999-02-01,52.360581,54.91966492,51.17430501,52.76943198,49.78739332,0
1999-02-08,50.9935177,56.16652587,54.12524731,50.43000797,52.48598202,0
1999-02-15,52.29147629,55.74210847,50.35041132,53.82021676,52.07025753,0
1999-02-22,52.43853028,54.80677822,51.53994852,52.16216808,50.31801241,0
1999-03-01,55.55396202,55.48907537,54.92506951,51.09957032,53.11041041,0
1999-03-08,53.874284,53.46987557,52.1627247,54.12278844,52.63704178,0
1999-03-15,52.83562678,54.02936673,52.38815819,53.08944576,52.50807731,0
1999-03-22,52.14445956,53.06677001,50.68269846,53.9511241,53.34495709,0
1999-03-29,51.55709805,51.99816486,50.20353683,54.38740029,53.63817786,0
1999-04-05,53.35817272,51.16727889,50.40601111,53.49266464,53.86230091,0
1999-04-12,52.31873047,48.54074153,54.29039909,52.48284037,54.25333406,0
1999-04-19,51.50502642,49.08661976,52.76984116,53.90299351,53.33541604,0
1999-04-26,52.06834645,49.06769926,52.40732806,52.71567484,51.33928524,0
1999-05-03,51.36100574,48.63157464,54.84075162,53.12841156,51.96890828,0
1999-05-10,53.80275493,47.11710265,50.91395669,49.96188272,55.05866163,0
1999-05-17,52.62196349,49.2659666,49.93358311,52.18730545,52.46481479,0
1999-05-24,51.31564322,47.16550555,50.05003724,50.68503004,53.69290316,0
1999-05-31,52.35296857,49.189991,49.22768139,52.52633407,52.26845852,0
1999-06-07,50.47394663,48.96488,47.69142624,51.01966567,50.63838039,0
1999-06-14,49.0413992,48.29919343,50.3821183,50.14254115,50.20409047,0
1999-06-21,50.92312408,51.17531089,51.28340988,49.88630999,49.36341996,0
1999-06-28,49.43622664,48.66094242,49.32996479,47.89887575,47.15951198,0
1999-07-05,47.36617552,51.18146854,50.20087749,50.02667837,48.42146893,0
1999-07-12,47.73663689,51.58004852,50.37575009,49.91834598,49.13765012,0
1999-07-19,46.60076589,50.09769939,48.45785053,47.86929765,46.87674414,0
1999-07-26,45.67687654,52.19220654,49.13961216,48.65007983,47.47162927,0
1999-08-02,47.61056426,50.40517569,46.40158198,46.11523851,47.53597775,1
1999-08-09,48.2668629,50.61697538,46.44652573,45.56033269,45.44776582,1
1999-08-16,44.6865131,50.08546748,43.25864216,46.12600542,45.63377781,1
1999-08-23,46.43568911,49.03034659,44.39075459,46.30766091,44.85480838,1
1999-08-30,45.07427622,49.18821769,45.70856692,45.33093211,44.90275318,1
1999-09-06,45.15816553,48.29767232,51.06492181,46.1830591,44.35768563,1
1999-09-13,45.04406171,44.84518631,43.15422802,45.94284511,44.73600717,1
1999-09-20,44.83600923,47.00434024,45.62424454,44.70169322,47.11945568,1
1999-09-27,45.88497726,43.21670098,47.08074575,46.35524865,44.9209786,1
1999-10-04,45.2143408,45.21894443,47.53209151,46.90881916,46.17175013,1
1999-10-11,46.59537561,44.79913329,47.13577143,46.4963881,45.82205003,1
1999-10-18,46.62248176,42.28981798,48.25303812,47.82536797,47.85158581,1
1999-10-25,46.84613262,42.93420141,41.38544556,45.86767688,48.39624297,1
1999-11-01,46.6498826,42.48090609,44.03320542,48.02539668,48.42151624,1
1999-11-08,47.50761538,43.89863018,47.87197937,46.914106,48.39052126,1
1999-11-15,49.41506749,44.61157701,50.81525712,47.54559491,48.42861673,1
1999-11-22,49.77730133,46.76410921,45.72717853,48.64545331,48.08450944,1
1999-11-29,48.94942032,48.58479368,41.88590301,48.98491538,51.87050445,1
1999-12-06,50.70275398,50.1402128,50.67492807,50.05542586,49.84374866,1
1999-12-13,52.04870372,49.77788591,53.69605013,51.08316629,51.96096295,1
1999-12-20,50.33059472,51.79077813,48.53912762,52.83715449,53.05956557,1
1999-12-27,53.25762661,51.97650787,50.92108402,52.38152436,52.1474029,1
2000-01-03,52.75712059,54.44960094,52.46453486,51.81095261,54.43459085,1
2000-01-10,54.67837214,57.6903667,53.0391724,55.21309228,54.83723764,1
2000-01-17,54.00668875,59.63113415,53.65569578,53.88652573,56.4515797,1
2000-01-24,53.59335669,57.84603983,57.26636711,55.28160331,54.87097727,1
2000-01-31,54.35756892,59.29398453,50.21885929,56.3621498,54.62974927,1
2000-02-07,56.57171977,60.38698348,57.59725307,56.64216416,55.93706399,1
2000-02-14,57.26730592,60.93514546,52.99421215,58.00909888,57.12377287,1
2000-02-21,56.52721061,59.80961207,57.8733273,57.80628327,57.38549286,1
2000-02-28,58.42950379,60.75163289,56.42618396,56.81377163,57.28164332,1
2000-03-06,56.42060215,59.33976243,60.3223168,60.13327126,56.04551163,1
2000-03-13,58.23646071,59.10635476,54.88617798,58.35787783,58.63402737,1
2000-03-20,57.23956295,58.84628425,57.65782676,58.15265977,60.27234448,1
2000-03-27,57.87387042,57.41270398,59.70921361,59.32746979,58.82779561,1
2000-04-03,58.57585293,56.05943051,60.21010251,58.60416003,58.96384461,1
2000-04-10,57.59999603,55.51298078,57.91479677,58.67430941,58.84752652,1
2000-04-17,57.93963578,54.74698171,59.0743558,60.61946413,58.5243268,1
2000-04-24,59.12970635,53.80484333,54.94585391,57.6397979,58.8465853,1
2000-05-01,57.28573909,53.41292218,53.91675966,57.32479285,58.03792742,1
2000-05-08,58.38296563,54.94342497,59.37278188,57.4321918,57.00293612,1
2000-05-15,56.05386012,53.76117821,57.07729257,58.01183967,56.14433482,1
2000-05-22,57.30824629,52.93620008,57.9995729,55.01708183,56.2746422,1
2000-05-29,57.78100232,54.11748821,52.61399789,54.10746854,56.38715393,1
2000-06-05,53.4029261,53.40386614,57.82311722,55.00946305,55.28049536,1
2000-06-12,54.59536344,55.31854538,60.27665449,53.46876044,55.41702208,1
2000-06-19,55.47823043,54.96964219,55.20130078,54.17516865,55.03915013,1
2000-06-26,54.20701253,54.94727711,54.69648236,54.59981629,54.93049603,1
2000-07-03,54.29889188,55.91003129,52.71591947,52.71267282,54.88621665,1
2000-07-10,52.85889771,54.20859005,51.1579695,51.70014899,53.20498298,1
2000-07-17,53.11046427,54.84155213,56.05294683,52.7457213,51.36860757,1
2000-07-24,52.46307239,54.80581623,52.97917842,53.12221975,51.91457217,1
2000-07-31,53.42282514,55.9981653,52.01503014,50.18941327,51.92844928,1
2000-08-07,52.19410648,57.26079676,48.05336975,52.37767866,49.7216775,1
2000-08-14,52.01650573,57.25644579,49.15760726,52.10238687,52.67374519,1
2000-08-21,51.06624831,55.00270644,54.58938421,52.02680497,51.21509778,1
2000-08-28,50.85430098,54.07825389,50.01464657,52.143399,51.30627162,1
2000-09-04,50.84130415,50.90312587,52.87888077,53.04730484,52.21081738,1
2000-09-11,51.67106221,51.25104449,51.56140184,50.48036358,50.2063128,1
2000-09-18,50.93075297,50.11221625,47.93733982,51.00957158,51.47404193,1
2000-09-25,51.78955095,49.45834537,51.90431673,50.6200172,50.92659151,1
2000-10-02,53.79559519,49.21825441,51.42094908,51.24726776,51.06120405,1
2000-10-09,52.88252998,48.40033758,54.09249512,53.05779214,50.7527264,1
2000-10-16,52.04476584,46.6014846,52.0574381,50.52770539,53.53832309,1
2000-10-23,53.9959471,49.29292596,49.27844208,51.424031,51.90958063,1
2000-10-30,52.87060641,47.71386774,53.64009356,54.1346272,53.45691051,1
2000-11-06,51.77908071,49.55279808,56.81512992,54.30442322,51.40937932,1
2000-11-13,53.3959915,52.19369397,54.87568066,53.49654462,55.0396648,1
2000-11-20,53.16157677,50.26506408,52.20896509,55.33078614,55.5285953,1
2000-11-27,55.34302965,49.94419741,58.15411801,55.46819141,55.22440968,1
2000-12-04,56.40099064,53.65852477,54.66326539,57.30369629,55.57647921,1
2000-12-11,58.7644875,56.64101358,58.41980489,56.57182619,56.8973166,1
2000-12-18,58.12924398,59.15834745,54.68662956,58.22563211,59.48879066,1
2000-12-25,58.29748249,57.63039646,58.15871247,60.54469531,56.1394467,1
2001-01-01,60.05146653,60.95217023,60.03973125,59.19467748,59.37860571,1
2001-01-08,57.69895476,61.46020461,57.31286126,59.3223526,58.36140713,1
2001-01-15,60.80787907,63.10960297,64.19113885,60.64606285,59.90369746,1
2001-01-22,61.97142059,66.92473205,57.86910303,60.17504288,60.29244361,1
2001-01-29,60.30884172,63.58347846,60.61703965,63.503581,60.68729503,1
2001-02-05,63.46970547,65.8671289,63.97584138,61.82262478,61.63208861,1
2001-02-12,63.14839643,66.32267747,60.33430921,61.84198601,60.98074818,1
2001-02-19,62.81855592,66.90500192,62.97099751,61.69159112,63.55646056,1
2001-02-26,64.2260098,65.625555,63.96795698,63.97230141,61.0809377,1
2001-03-05,66.15513167,65.32165231,62.08954992,64.0218965,63.6944736,1
2001-03-12,64.28672337,63.92915846,63.19731427,62.86619,63.03700852,1
2001-03-19,64.50111634,63.76912694,65.21910866,64.07645135,62.32907511,1
2001-03-26,63.86866224,62.26308944,59.91103369,62.0549884,63.76592774,1
2001-04-02,63.48092649,62.31738829,60.37429603,63.73967966,61.997758,1
2001-04-09,65.09306182,60.45298024,65.55052616,63.92783757,63.51479504,1
2001-04-16,63.2704241,60.41244506,62.03725427,65.03460994,61.90440322,1
2001-04-23,63.99729638,59.34559155,63.16827812,62.34410053,63.57619141,1
2001-04-30,63.18729012,59.9977685,61.18677668,61.56420111,61.91819641,1
2001-05-07,63.82856995,58.49338407,60.88814685,61.62018533,62.06461927,1
2001-05-14,63.31954568,56.62722629,58.45838751,60.80375523,62.43427312,1
2001-05-21,63.61829866,59.6936019,63.28224255,63.06027322,60.95107375,1
2001-05-28,61.63173391,57.7148015,60.0758356,62.82166373,61.21506044,1
2001-06-04,61.40701227,58.28391929,57.68152841,61.1167949,59.28274782,1
2001-06-11,60.21581158,58.74975945,60.61591046,61.52397835,60.933559,1
2001-06-18,60.25918164,61.17443809,62.61398831,59.93395838,61.56491381,1
2001-06-25,60.58967501,58.11890504,62.46895297,59.20220495,62.08952547,1
2001-07-02,60.48705122,63.8000629,55.41819207,58.47038406,58.89458983,0
2001-07-09,58.34303418,62.03552301,61.06218369,58.01658457,59.11517971,0
2001-07-16,59.69579701,61.39155852,59.76868241,56.32858258,56.09575847,0
2001-07-23,59.77670409,61.14484724,54.91918721,57.72393103,58.96241059,0
2001-07-30,58.47079458,61.34077628,58.61271647,57.0440528,57.86061521,0
2001-08-06,59.61879806,61.24940418,58.16222048,57.50280698,56.27351281,0
2001-08-13,56.70743047,60.87036123,57.05258929,56.57860417,57.72226147,0
2001-08-20,56.03578718,60.1202598,58.38691361,56.11001617,56.0182438,0
2001-08-27,55.36550356,58.8669901,55.78717073,55.25372576,55.6668936,0
2001-09-03,58.57222326,57.70684518,57.32048364,56.11744415,56.52062584,0
2001-09-10,57.73329233,56.842445,56.27971433,56.77469286,54.97310113,0
2001-09-17,57.09846938,55.90509172,53.60705442,54.95666101,57.12162476,0
2001-09-24,57.58206132,56.41296307,55.81711537,56.32392938,55.18046582,0
2001-10-01,56.39702194,55.17995495,58.26923557,56.67833386,55.39523612,0
2001-10-08,60.25947385,51.13203952,52.57841944,56.006854,55.815229,0
2001-10-15,58.30232715,54.43668518,55.79729246,56.48486357,57.83221991,0
2001-10-22,58.70644458,53.93975189,58.65138776,57.71569152,56.86830531,0
2001-10-29,59.80676501,53.96790201,54.4424069,56.82402524,56.60945047,0
2001-11-05,60.10053108,54.12503276,58.48917879,58.83431042,57.87870671,0
2001-11-12,60.43027844,56.44372402,58.78655032,58.16432189,59.0276339,0
2001-11-19,60.04421084,57.33197514,58.34474398,60.73923783,58.49541166,0
2001-11-26,61.96832809,56.90160726,57.03660412,62.66480331,59.17529446,0
2001-12-03,64.06691336,59.55158128,61.04445336,60.14266488,63.11471801,0
2001-12-10,64.23578684,59.76839721,58.93360772,62.23152446,60.83675119,0
2001-12-17,65.19781983,61.02038184,59.70704016,61.6732581,62.07695763,0
2001-12-24,63.80768394,63.43322883,63.63899427,64.14363758,62.7354464,0
2001-12-31,64.03477273,66.51786448,65.96656824,62.53131991,63.37522151,0
2002-01-07,65.58661975,68.07864011,63.83649954,64.95361119,65.09437118,0
2002-01-14,66.43030602,68.92863674,63.1680845,64.25062689,66.07175881,0
2002-01-21,68.09706351,70.20548449,67.0590419,65.53333914,65.4343693,0
2002-01-28,65.89727994,70.80262707,61.859493,65.28458802,65.079135,0
2002-02-04,69.65781835,70.17190764,69.4604336,67.66490421,68.11699397,0
2002-02-11,68.45420873,71.48690684,67.79740474,66.47793898,67.21957824,0
2002-02-18,68.60927937,71.81962512,68.49924525,68.27924439,69.45760194,0
2002-02-25,68.38344016,71.48186318,70.76586153,67.73098319,65.82949532,0
2002-03-04,68.03189875,71.40251515,65.9627214,68.24023672,68.55011231,0
2002-03-11,70.7303443,70.22911087,70.29996599,68.71130028,70.4821507,0
2002-03-18,70.12853032,69.05144821,68.66807945,67.93817533,68.34673586,0
2002-03-25,68.84037884,68.87643195,68.51875588,68.97391148,68.53805095,0
2002-04-01,68.83800869,66.86929514,68.79211831,70.28504365,69.05022078,0
2002-04-08,69.7292579,65.14071593,67.86674027,67.89698643,68.11628539,0
2002-04-15,71.59784606,65.0722777,70.80221451,69.69909027,68.2152082,0
2002-04-22,69.46845539,63.82995171,66.2401381,69.81301696,67.97710424,0
2002-04-29,67.96412121,63.39653997,64.38878117,67.22639875,67.41513301,0
2002-05-06,68.90616366,63.60025912,70.24638719,66.26055869,68.94446984,0
2002-05-13,68.51547661,62.80783884,65.16953264,67.64228463,67.80140177,0
2002-05-20,65.68618868,63.32371887,67.57134961,66.37620834,67.17424409,0
2002-05-27,67.88977204,61.92691914,68.18455205,68.34162765,67.28159544,0
2002-06-03,67.24826927,64.35097934,63.39909577,66.03138586,65.73222249,0
2002-06-10,67.69309826,64.54662622,65.50996055,64.70048399,64.72847958,0
2002-06-17,68.3547476,64.18291137,61.98359448,63.85284049,64.3973757,0
2002-06-24,67.14125615,66.11382492,67.96004233,65.56396574,64.49909964,0
2002-07-01,65.26349052,66.7998845,63.87638997,63.38572608,62.94420997,0
2002-07-08,63.9609902,64.57190633,64.65080224,63.50103692,63.02671455,0
2002-07-15,67.2018675,65.60559482,62.18572138,63.93916363,62.5602675,0
2002-07-22,64.28260126,65.63059889,59.46857462,62.05913884,64.7842325,0
2002-07-29,63.87360558,65.3153191,63.21344738,62.098923,59.51057177,0
2002-08-05,63.52019376,66.7577566,56.63534619,61.77808715,61.77782654,0
2002-08-12,63.48162103,65.2313195,62.50130723,62.18235867,63.41077446,0
2002-08-19,62.93839807,64.50014049,65.16228025,61.85416188,61.59456434,0
2002-08-26,62.3728784,61.97354706,60.02605556,60.87224692,62.07833626,0
2002-09-02,62.3316366,63.73960163,64.11794761,61.05312602,61.34511723,0
2002-09-09,62.84849,60.95445989,63.00686359,60.58560685,60.56912225,0
2002-09-16,62.41294589,61.35993263,59.02766543,59.52006201,59.05808407,0
2002-09-23,62.39156351,60.75656991,61.99704794,61.36847509,61.64191132,0
2002-09-30,63.43125782,61.14705682,60.82227731,63.18864546,60.86968431,0
2002-10-07,63.36106126,57.96360775,60.92562133,60.66910662,61.12458338,0
2002-10-14,65.47941556,55.96127225,61.58247063,61.10434132,61.77373262,0
2002-10-21,61.74839658,59.12886524,61.77613289,61.39574825,64.42994208,0
2002-10-28,65.97482184,60.98712194,60.11199152,63.44017757,65.5622838,0
2002-11-04,66.66792364,60.95249757,64.88527407,63.66775588,63.90159465,0
2002-11-11,63.93532078,60.72927071,63.19758509,63.61276648,63.79490904,0
2002-11-18,66.29431431,61.09281249,60.71437909,63.44673717,63.69915772,0
2002-11-25,66.92773547,63.68160753,66.41354436,65.08446864,65.99551573,0
2002-12-02,66.57969377,63.37098279,68.49680329,64.08066002,67.98632728,0
2002-12-09,67.91486671,66.41641171,67.49044596,66.45934782,66.64997621,0
2002-12-16,68.29637396,68.10547016,65.37486717,67.86687322,65.22100396,0
2002-12-23,71.87348666,70.32015597,68.68274326,66.42357729,68.97273307,0
2002-12-30,71.76237254,73.61513105,70.28304618,66.81289725,69.98197803,0
2003-01-06,72.78627837,72.71793104,70.21216597,70.57804372,68.08717879,0
2003-01-13,72.89856978,73.1065877,70.64693354,69.0141818,70.50010004,0
2003-01-20,71.67613683,74.65481439,70.10753732,71.35534135,71.39154975,0
2003-01-27,72.8675409,73.71737288,74.41216383,70.61742958,71.44250599,0
2003-02-03,74.41995919,75.31867611,72.33840873,71.11315706,71.25178282,0
2003-02-10,73.19240542,75.84570186,78.98224775,72.16263435,73.53085655,0
2003-02-17,75.55147547,75.69512719,71.47162084,71.22932778,72.52390038,0
2003-02-24,74.95753574,76.07992672,73.83132469,72.57036905,71.78989505,0
2003-03-03,75.11425121,74.59118184,72.77949825,72.31275456,71.5052346,0
2003-03-10,76.42045028,75.84183769,74.40556777,71.55933,75.02439389,0
2003-03-17,76.30179227,73.90020706,70.31671141,73.33050533,74.51666398,0
2003-03-24,75.57169017,72.99698139,73.30743616,72.77000401,74.05151792,0
2003-03-31,77.09473387,71.76792168,69.2382206,72.84419589,73.51443445,0
2003-04-07,74.78629588,71.37778126,74.8278274,71.68817608,73.3460828,0
2003-04-14,76.34707674,71.26044293,75.84235278,74.3186805,72.65154348,0
2003-04-21,76.1234646,68.90772414,74.58445681,73.3683777,73.08346368,0
2003-04-28,74.96003433,68.61360176,70.54609721,73.160198,71.12246653,0
2003-05-05,75.28035635,68.64105177,76.32481858,71.54040115,72.17954964,0
2003-05-12,73.33940321,67.45438784,72.72780763,69.71811759,72.22938622,0
2003-05-19,75.10941894,68.01242254,72.56217088,72.96025417,72.73349591,0
2003-05-26,73.56148137,68.54431293,71.15521897,70.47239204,71.63309797,0
2003-06-02,72.75879739,70.21207481,70.99884268,69.28498783,71.99150144,1
2003-06-09,73.84821772,70.00798207,69.22196054,69.93343846,72.05181851,1
2003-06-16,71.60376442,70.39358991,71.43656782,70.15781846,71.25817009,1
2003-06-23,70.40854642,71.50547722,68.69017453,68.4417079,70.16782645,1
2003-06-30,69.77806664,70.92494258,67.10207235,69.22618289,69.21528436,1
2003-07-07,71.47584266,71.76993105,66.82224873,68.53090574,67.74618756,1
2003-07-14,69.15039494,71.46509785,64.80368713,65.89767737,69.01632819,1
2003-07-21,71.78049361,71.86510359,68.07412816,65.86030477,69.53942365,1
2003-07-28,67.58006348,70.87246355,69.08082924,67.09308666,67.82649275,1
2003-08-04,71.04309182,68.6894646,68.60541921,63.07274067,69.07470541,1
2003-08-11,69.29687034,70.49086648,66.74891942,65.34027614,65.35950896,1
2003-08-18,68.78836197,71.38740347,68.38534128,63.82328402,65.51855649,1
2003-08-25,68.20393792,70.10362482,65.71203664,64.60650452,67.38012029,1
2003-09-01,69.07994826,69.26958109,69.50915069,64.68135454,66.70958112,1
2003-09-08,68.64592517,68.62984901,64.16561888,64.58983916,67.75023781,1
2003-09-15,69.86198914,66.58865759,65.79998019,64.43611084,66.48452836,1
2003-09-22,69.02095355,65.87650868,65.1746008,64.00442826,65.76848021,1
2003-09-29,69.27744596,64.36874633,70.35162879,67.57906264,66.63169767,1
2003-10-06,69.05474287,64.1563553,69.53274645,67.41098544,65.59223482,1
2003-10-13,69.72079355,64.79655556,68.3494151,64.70600289,66.3441292,1
2003-10-20,70.50948476,65.34890014,72.30137512,67.83929045,68.85752467,1
2003-10-27,68.97546319,64.24716449,67.48791782,66.30681798,69.23023367,1
2003-11-03,69.87596963,64.46336195,70.15532137,67.33915558,69.24739099,1
2003-11-10,72.55429171,65.72013925,67.93302299,67.69872789,67.73859875,1
2003-11-17,72.61018394,67.38565543,70.48184073,67.69570527,69.71798056,1
2003-11-24,72.9175096,66.63063012,70.78924258,69.96664186,69.50197568,1
2003-12-01,73.807956,67.24834804,70.7790571,69.76186635,72.57995493,1
2003-12-08,74.8425817,70.58951709,72.56501107,69.8300675,71.51359447,1
2003-12-15,74.66950673,71.57928757,74.69332103,69.68145707,71.71425229,1
2003-12-22,75.1452281,73.95180586,73.75461994,70.77187909,73.53247957,1
2003-12-29,76.82485601,75.90769069,74.76982945,70.69473309,73.55642386,1
2004-01-05,76.3386671,77.07226666,71.61513466,73.00152705,76.35676835,1
2004-01-12,78.38746707,80.26801886,70.415985,72.41997352,74.78880496,1
2004-01-19,76.9049216,80.20713347,75.73627652,73.94453066,74.74109547,1
2004-01-26,80.22353341,80.98692315,77.54572409,76.13222677,74.56269978,1
2004-02-02,80.20549871,81.83559638,77.35307169,76.46510913,77.21176724,1
2004-02-09,80.47287957,80.31615118,73.33815031,75.68264244,77.15298922,1
2004-02-16,81.62348463,82.45832738,76.1704459,76.01693959,76.69837552,1
2004-02-23,82.66565218,81.05180756,73.91073101,78.30844413,79.66430767,1
2004-03-01,82.30575869,81.28408239,80.93350367,77.20569777,79.42195423,1
2004-03-08,79.67093269,78.84894979,73.86198652,76.54271465,78.93532649,1
2004-03-15,80.38026859,77.54624123,83.66377924,75.55770281,80.46432624,1
2004-03-22,81.11015436,79.02417137,82.14405331,77.4178827,79.8260804,1
2004-03-29,81.76381172,77.67222593,76.97722766,77.82124216,78.33185319,1
2004-04-05,82.18733483,75.52053903,76.82833036,76.25738318,78.03586105,1
2004-04-12,80.80771392,74.76568158,78.45636621,77.00918056,79.74526167,1
2004-04-19,81.51944671,76.10028914,78.72199413,76.1187879,79.11128629,1
2004-04-26,80.31651444,73.28230635,80.54481172,76.00270739,78.61230151,1
2004-05-03,80.14502213,75.78745075,77.30665184,73.34872147,77.26911549,1
2004-05-10,78.98617229,73.09963803,75.20153755,75.21621675,78.3482713,1
2004-05-17,79.06447528,74.67007232,73.0379666,75.96740377,76.56811698,1
2004-05-24,78.19701551,73.89191533,75.98966749,73.89278467,76.77103778,1
2004-05-31,78.10796376,75.14087306,74.86163946,74.07701167,77.84352247,1
2004-06-07,79.6551669,74.40130674,74.92843173,72.75138386,75.24184917,1
2004-06-14,77.16102582,75.23720709,76.33717996,73.34183703,73.82701074,1
2004-06-21,80.25170639,75.89549843,77.02554787,72.23893294,73.84476941,1
2004-06-28,77.63033031,75.26012691,73.76693268,70.99906386,75.39772051,1
2004-07-05,76.85698543,77.32029054,73.16489965,72.77115494,74.1817067,1
2004-07-12,75.37478312,76.25510604,74.5289287,71.89368825,73.34750676,1
2004-07-19,76.52832591,76.57114132,69.28520006,69.91988578,72.55058246,1
2004-07-26,74.88867166,75.66087283,72.41367667,70.62403548,73.16974662,1
2004-08-02,75.27096187,73.7659481,72.17663394,70.31346291,71.50834141,1
2004-08-09,77.44825401,75.63411788,74.42335664,70.12273074,72.39074624,1
2004-08-16,74.59133179,77.57727076,65.89356752,67.550557,71.1414653,1
2004-08-23,75.70044694,75.16201371,71.35579859,70.08036254,70.8272594,1
2004-08-30,73.77995233,73.48492322,71.2751138,68.40117335,71.00780348,1
2004-09-06,74.45088799,72.33082746,71.53404895,68.58095328,71.26104818,1
2004-09-13,76.3318045,71.72246589,70.05835207,71.61695152,71.65117016,1
2004-09-20,74.08207544,71.42631209,74.46856588,69.39414296,72.07191142,1
2004-09-27,76.74190936,69.00558541,70.99117579,68.89152658,68.35692562,1
2004-10-04,75.92842362,70.78674985,70.31917557,67.32892674,71.51726823,1
2004-10-11,75.017589,70.09616572,74.45684552,71.24853052,72.28114989,1
2004-10-18,76.63640733,70.06320143,75.20842975,68.9026617,74.59014271,1
2004-10-25,77.46050264,70.0250865,76.75767644,69.69354224,72.47744365,1
2004-11-01,77.64828161,70.13316787,73.7372786,70.86931348,74.24718333,1
2004-11-08,76.0431195,71.59247253,70.74784386,73.16911131,76.15470658,1
2004-11-15,77.51449793,72.57626281,72.28311011,73.11939157,73.96341561,1
2004-11-22,78.65629091,72.92044422,72.61049429,72.81564968,76.32095079,1
2004-11-29,79.51740524,74.17092722,78.42372454,73.93496956,75.80114984,1
2004-12-06,80.9179887,76.44191024,79.13919353,73.69693091,76.79268286,1
2004-12-13,86.177701,79.54902015,82.21022386,75.13965369,77.19688917,1
2004-12-20,85.36733904,78.42083898,82.32404811,75.77602015,77.97082609,1
2004-12-27,87.77677617,79.78794574,82.5377565,77.36534822,82.11849047,1
2005-01-03,88.68361018,82.89027591,78.86490326,78.04020256,80.91748031,1
2005-01-10,89.28340631,84.06643903,78.22763376,78.21759324,81.82535372,1
2005-01-17,90.42110446,85.25373037,82.68380926,77.97797618,81.83231722,1
2005-01-24,90.74953545,86.13040199,83.93161571,79.65743559,80.3093565,1
2005-01-31,90.90173382,86.19018698,82.03012904,79.35058527,82.83751171,1
2005-02-07,90.84475362,88.14484774,83.734885,78.83300496,83.98784894,1
2005-02-14,89.66631919,85.01831161,84.024849,79.92399234,82.47388065,1
2005-02-21,92.10469943,85.49907482,85.74093074,80.7596082,84.64040788,1
2005-02-28,92.16239677,85.71034702,85.17221471,81.86492487,84.6590453,1
2005-03-07,92.43512321,83.47761822,85.57495958,80.9800162,86.01558442,1
2005-03-14,91.02325142,84.1241456,85.93060177,80.09080129,83.88221699,1
2005-03-21,91.28248783,85.06775188,85.89190994,81.42028605,83.26593339,1
2005-03-28,93.40786194,82.51670289,82.89876932,81.46816513,83.99308098,1
2005-04-04,92.23552606,81.85329149,87.00903186,81.46091884,85.71065221,1
2005-04-11,92.80878083,79.5751799,80.46151621,82.04715164,82.29887425,1
2005-04-18,91.94323771,79.55849295,87.73474272,81.93384257,81.84654361,1
2005-04-25,91.67230988,79.29652186,79.50587135,80.04834287,83.73194902,1
2005-05-02,92.2538971,79.0270627,84.32198993,79.69946983,82.873024,1
2005-05-09,90.42427901,80.48190256,81.7254465,78.90012502,82.94805163,1
2005-05-16,90.61973664,79.78937146,82.83483676,80.22243153,83.46892763,1
2005-05-23,89.61074915,78.30907585,82.42956792,80.52184454,81.52045509,1
2005-05-30,89.16208209,79.98419041,79.68658507,78.28149639,79.72357249,1
2005-06-06,88.79351128,80.64364249,79.72726382,77.86125284,83.14716496,1
2005-06-13,88.82213377,81.74014904,79.94690325,79.06678256,79.60277171,1
2005-06-20,87.61856798,82.63511994,79.36633922,77.60287445,79.03827948,1
2005-06-27,88.8591778,80.44722017,78.64040825,77.03965738,80.70714169,1
2005-07-04,86.23236826,80.96860869,81.5469839,74.93605906,78.74248644,1
2005-07-11,86.4895125,80.71074174,76.1794642,76.35511221,78.61299429,1
2005-07-18,85.81994521,81.76572138,75.90713184,74.33053993,78.74246639,1
2005-07-25,87.33136459,82.32158058,76.76917171,73.75036652,78.96796981,1
2005-08-01,85.75400104,82.51561627,81.33875756,74.21067468,77.22398557,1
2005-08-08,86.31692521,80.94919462,78.8081526,73.69928795,78.80503268,1
2005-08-15,83.5871595,80.04480781,74.41106646,73.85112018,74.93692002,1
2005-08-22,85.19196905,79.72916741,80.57604676,72.48393715,77.68470602,1
2005-08-29,85.73492171,77.8690407,74.36363842,74.80410722,76.00576335,1
2005-09-05,84.91873962,79.88325701,74.3446456,74.96414192,78.20872695,1
2005-09-12,85.96548038,75.29233897,73.74339039,71.95265753,77.04204448,1
2005-09-19,84.51916718,76.26393355,76.42728175,75.01491344,76.3635503,1
2005-09-26,86.65463835,77.41000444,75.67255653,73.43476228,77.90813201,1
2005-10-03,87.82381691,74.879228,79.0298636,75.38189432,78.41810713,1
2005-10-10,85.50988131,74.39074537,76.63218213,74.80427338,78.51461399,1
2005-10-17,85.83957815,74.18757028,78.99486212,75.31385623,77.25538443,1
2005-10-24,88.21083074,74.60621908,79.97803155,75.57234861,78.27342914,1
2005-10-31,88.86395885,76.68639969,80.146472,77.49651591,79.28031387,1
2005-11-07,87.33681624,73.90774938,82.62620406,75.62008825,79.81841661,1
2005-11-14,88.05619732,78.71788238,81.21673661,78.08422448,81.22612962,1
2005-11-21,88.84519096,77.05052778,77.67561271,79.22830573,79.11207433,1
2005-11-28,88.45897117,79.67787666,85.29554649,79.51976176,82.13774873,1
2005-12-05,89.57866465,81.11080952,81.63222447,81.82201551,82.20733524,1
2005-12-12,90.19585923,83.78855327,82.0158732,79.67105324,82.36149938,1
2005-12-19,91.13488584,83.26182171,85.01338851,81.85998822,83.16019662,1
2005-12-26,92.56189343,86.91764368,81.65937623,81.49048769,84.38204066,1
2006-01-02,93.50723917,89.94982469,84.40233809,83.50643051,81.67193933,1
2006-01-09,95.47411635,87.85237732,86.08026915,82.91592686,85.22232629,1
2006-01-16,93.54196969,90.47009487,85.66914779,83.15244795,85.66450891,1
2006-01-23,96.09993569,90.42446661,85.66666314,85.4216855,87.6483965,1
2006-01-30,95.4285649,92.03927644,89.17869955,84.1509918,86.83702706,1
2006-02-06,96.06545562,91.87413208,88.42350759,83.70219357,87.89980553,1
2006-02-13,97.20209962,91.17772868,89.48779975,85.01043325,90.06955676,1
2006-02-20,95.75235919,92.01544413,93.66575423,86.49411416,89.86943273,1
2006-02-27,97.53711883,92.81794989,91.63804364,87.54674784,90.05698049,1
2006-03-06,97.52999658,90.12990324,91.53900246,86.47467375,88.86367194,1
2006-03-13,97.99245126,90.21975794,85.42504654,87.81819707,90.04303228,1
2006-03-20,97.85271301,87.31300876,91.32405182,85.20536945,89.32964657,1
2006-03-27,100.0100092,86.73938002,88.69173151,86.11144562,89.35861588,1
2006-04-03,96.83734123,87.29499686,86.1831959,86.1865061,89.88476656,1
2006-04-10,96.79628317,87.51946069,90.85790303,86.2127207,88.73028654,1
2006-04-17,96.4917788,85.73046771,91.96372822,86.19901372,90.60792243,1
2006-04-24,96.28707662,84.55866021,89.8958779,86.5334647,88.6824236,1
2006-05-01,95.87822616,84.5440692,86.98774038,85.07080645,89.13397386,1
2006-05-08,97.32934026,83.14985103,90.69955957,85.27935242,89.59592421,1
2006-05-15,97.14412011,85.03619572,86.67278043,84.67849297,88.75526963,1
2006-05-22,94.70227814,85.50286686,88.61040823,83.34713453,85.86410533,1
2006-05-29,93.96422275,84.4855953,85.89239599,83.68291163,87.24147422,1
2006-06-05,94.77409896,84.8753786,87.17693464,83.15902387,87.1534028,1
2006-06-12,93.24777696,86.06587823,87.65327168,82.63491943,86.69186302,1
2006-06-19,93.93024842,85.81785952,83.4109811,82.32907606,84.18402176,1
2006-06-26,93.0063447,86.59618175,87.42375074,81.87909522,84.14638644,1
2006-07-03,90.81123145,89.07918799,80.97175928,80.89468039,85.3215338,1
2006-07-10,93.42388934,86.9212939,81.84909386,82.14909887,83.11462377,1
2006-07-17,93.25555394,86.84140109,83.56181732,79.29019564,83.15998021,1
2006-07-24,90.47159802,86.4076804,83.43763941,79.3634166,84.66026252,1
2006-07-31,90.3697447,87.47247373,81.49025989,82.53740988,82.70964701,1
2006-08-07,90.77094606,86.04392147,84.49507067,78.44708932,81.75830653,1
2006-08-14,90.60717666,84.9152823,84.4251591,77.9189652,81.39510251,1
2006-08-21,90.78346306,86.09871345,83.58314733,79.85939553,82.45763812,1
2006-08-28,92.05549545,85.32378661,83.60875841,76.96817106,80.7121429,1
2006-09-04,89.8595084,82.39329472,83.78640761,78.80118172,81.78911967,1
2006-09-11,89.30170276,80.23346005,82.55214108,81.24582493,82.43323053,1
2006-09-18,88.8571364,82.28670666,79.60844731,77.69151971,83.53560545,1
2006-09-25,89.71436087,79.9017684,81.36838708,77.46332643,83.11283899,1
2006-10-02,90.69179181,80.86305375,83.3635709,78.22573758,82.01085367,1
2006-10-09,92.86727774,77.81068059,80.66528744,80.97107944,84.25113919,1
2006-10-16,90.96746937,80.63761304,85.27378837,81.60985739,83.18556563,1
2006-10-23,92.18123421,78.77543883,83.48627563,80.44485746,82.72174324,1
2006-10-30,92.46796381,81.24431533,88.09883312,82.16759911,84.31234535,1
2006-11-06,94.24806954,81.33388436,81.43984892,83.44993159,86.49784547,1
2006-11-13,96.20331657,81.43050926,90.37369861,84.46373055,85.84162419,1
2006-11-20,93.79610679,83.26744862,85.68075112,83.08064028,86.33949743,1
2006-11-27,94.51398224,85.83084745,86.46864751,81.70194996,88.64063332,1
2006-12-04,96.74147748,86.84594839,90.28816856,83.87643768,86.26596175,1
2006-12-11,97.08189149,88.98441298,87.5948641,84.97319581,87.11440089,1
2006-12-18,98.94939073,92.03638664,90.58014443,85.8437446,87.48683693,1
2006-12-25,98.38050651,90.0912294,86.51427564,86.60871892,90.16922651,1
2007-01-01,98.11373234,94.74272764,92.65815038,88.59191903,90.63951756,1
2007-01-08,99.71427069,94.51990726,93.20172649,89.39804429,92.66635223,1
2007-01-15,100.8490273,94.58160466,90.54818374,88.56865008,91.98379881,1
2007-01-22,101.1360955,94.95613516,92.49937975,90.41409817,91.91145613,1
2007-01-29,101.3498278,96.62426885,93.6694929,90.20021511,92.84434861,1
2007-02-05,102.381594,97.97663441,91.3661558,90.3794253,93.43262675,1
2007-02-12,102.8965757,96.89166647,93.31054956,91.63382429,92.05551885,1
2007-02-19,103.4572402,98.23872678,92.28243181,91.14733326,96.78541286,1
2007-02-26,103.003419,94.76242609,91.58557109,93.41252026,94.87458011,1
2007-03-05,102.3964263,95.50871808,98.2386596,90.1251332,94.77355268,1
2007-03-12,102.8467137,93.44760656,93.67858342,91.1848291,95.31516398,1
2007-03-19,103.9700533,94.1699136,96.24768466,91.63702547,95.47295535,1
2007-03-26,101.9377734,93.78270379,95.56946904,92.19416178,94.6141556,1
2007-04-02,103.0437545,91.60182879,93.39886887,92.9430417,94.04384008,0
2007-04-09,102.1339413,88.63113081,95.25000826,91.50288156,95.12673081,0
2007-04-16,102.3436642,90.77380251,94.89712108,89.89268968,94.70063017,0
2007-04-23,103.3210056,90.5084568,93.38187597,91.88506764,93.23266364,0
2007-04-30,101.9067124,90.14907255,97.29660204,91.47057206,95.1346489,0
2007-05-07,101.3867603,90.83604095,96.27800171,88.39846507,93.63367577,0
2007-05-14,99.56375972,88.56062672,93.38858612,89.91981173,93.65343522,0
2007-05-21,101.219278,90.50074991,91.90519079,87.8828826,93.86494532,0
2007-05-28,100.6420625,91.33019315,87.85866818,88.33192722,92.01846714,0
2007-06-04,101.6659381,88.76683316,90.32244309,87.59987447,91.81963541,0
2007-06-11,98.69222177,91.31965183,99.78578887,88.8092647,91.81002724,0
2007-06-18,98.71646693,90.95039942,92.17367007,87.61414677,89.77245551,0
2007-06-25,98.25280536,91.78079169,86.82233909,85.71783068,90.05747334,0
2007-07-02,99.10442884,92.52714268,83.50569562,87.40704153,89.65252415,0
2007-07-09,96.98108861,91.88109104,87.16821801,84.64257832,88.12032559,0
2007-07-16,96.93869779,91.72403316,84.22053836,85.98979006,90.97731306,0
2007-07-23,96.89228322,92.28937462,94.77561078,84.47037604,86.87709327,0
2007-07-30,96.14405538,90.84103582,92.45104256,84.59176918,86.65934236,0
2007-08-06,95.23864706,90.33932051,81.7715491,85.18935142,88.99930725,0
2007-08-13,95.66680986,91.44402862,87.69684509,84.99416927,88.18598612,0
2007-08-20,96.39855054,88.82861538,94.10886587,85.66188786,86.29895397,0
2007-08-27,94.21877561,89.7704961,90.03552625,84.16303721,87.85257993,0
2007-09-03,95.3694253,88.65630958,92.43697483,84.54290649,88.70430607,0
2007-09-10,94.59987919,85.57419327,86.8904398,83.86226268,87.26973694,0
2007-09-17,96.63150226,85.80162832,88.17201172,84.61844551,90.03527853,0
2007-09-24,94.12210401,86.98050763,86.3275072,85.08477696,85.9212291,0
2007-10-01,95.36599694,84.29126262,83.54017262,84.82660894,88.61874224,0
2007-10-08,96.64993175,84.51638015,84.97673742,83.46896939,89.43924821,0
2007-10-15,98.2506047,85.40707659,88.85474759,86.01655157,89.57642457,0
2007-10-22,97.091696,85.97000127,89.3359487,86.52200774,88.95309053,0
2007-10-29,97.12918718,85.46201233,84.2794822,86.00421323,89.39394523,0
2007-11-05,100.1408333,85.9221011,90.33395966,85.97528923,90.70382144,0
2007-11-12,97.42837024,89.00681854,88.88954142,89.35226329,91.69213863,0
2007-11-19,97.32816961,90.6133846,96.0390904,89.01842108,92.129449,0
2007-11-26,100.6434361,91.32338704,91.02601966,88.97434065,93.24347957,0
2007-12-03,100.3952624,92.02537208,89.39398733,88.76028372,91.87844664,0
2007-12-10,100.5787672,92.79173428,91.30764707,89.77818517,93.37222902,0
2007-12-17,103.0110398,94.42950165,94.00075363,92.6052738,93.36266747,0
2007-12-24,103.240379,97.37798511,95.35529808,92.13424026,94.61046555,0
2007-12-31,103.1089458,98.74391329,100.3704112,92.12243737,96.68824533,0
2008-01-07,103.0433115,101.0171499,99.8431902,93.83330509,96.43159978,0
2008-01-14,105.8127811,101.3308388,96.6865398,93.12592555,99.5471829,0
2008-01-21,106.1658145,99.98336849,94.35069015,96.01645632,97.70901966,0
2008-01-28,105.9433779,103.0653369,95.78990385,96.39535428,98.10224562,0
2008-02-04,108.3615563,101.2569237,103.6365516,95.04834526,98.62110225,0
2008-02-11,105.8571954,101.8352443,93.58393806,95.29860988,98.28947144,0
2008-02-18,105.749556,102.1777721,98.25248452,93.65694801,99.2172446,0
2008-02-25,106.862801,103.4092693,101.4219361,95.07312832,100.6824971,0
2008-03-03,107.7179584,103.8307256,101.1526854,95.4240746,99.87751504,0
2008-03-10,108.1433394,100.5067231,101.2711391,97.03519034,99.10654027,0
2008-03-17,107.7223083,98.82308509,101.4154236,96.63731067,99.03845975,0
2008-03-24,108.3067645,98.63032205,105.3818938,95.6093736,99.5045072,0
2008-03-31,106.6235418,98.11024601,98.30763185,96.59391717,99.94894465,0
2008-04-07,109.1710447,96.11467704,99.50293915,97.23261728,100.9208667,0
2008-04-14,107.4327682,97.57006571,93.88212796,97.04275868,98.17443069,0
2008-04-21,108.3598496,95.501789,96.35066946,94.34288346,98.92272746,0
2008-04-28,107.2583386,95.44252088,101.3296094,95.78734981,99.05992331,0
2008-05-05,106.997077,95.46618301,104.6766547,94.15698296,96.70661797,0
2008-05-12,106.6933831,95.25326701,91.2479204,96.02534456,97.29001758,0
2008-05-19,106.120733,95.8594743,102.1412287,95.45717085,96.9931359,0
2008-05-26,105.8393011,94.72043245,97.72719852,93.2985511,96.40060795,0
2008-06-02,106.0318359,95.18711899,93.46990606,92.9366382,96.89457295,0
2008-06-09,104.3965212,95.09984577,91.76820461,92.73873295,96.03944039,0
2008-06-16,104.4063204,97.09408049,93.99862904,90.4445232,95.1420305,0
2008-06-23,103.113686,97.84125087,94.05989574,92.53938985,95.63138431,0
2008-06-30,104.1670928,97.83723906,98.67419497,91.45413102,96.45005028,0
2008-07-07,101.5999918,99.24281204,92.62729799,92.24655922,95.91564066,0
2008-07-14,103.6606167,97.59414522,88.84904234,89.76126705,91.93690449,0
2008-07-21,101.4442288,98.12396386,96.76093206,89.86526376,94.06145889,0
2008-07-28,99.72667116,96.03658088,89.40242492,88.650921,92.97942297,0
2008-08-04,101.0131851,96.23804594,91.67394648,88.88079011,93.04023601,0
2008-08-11,99.99166821,96.66019309,92.18560143,88.49073788,92.27443684,0
2008-08-18,101.3655623,96.02651153,100.3719989,90.52089247,92.64250742,0
2008-08-25,99.79266693,94.01021665,96.12368667,88.74702906,92.59669831,0
2008-09-01,99.9902722,93.32211903,99.01500429,89.56063131,91.85750387,0
2008-09-08,98.61045927,90.98212625,92.0301632,89.1192366,91.60363245,0
2008-09-15,100.1841493,91.32216377,92.88871289,88.36699036,92.18775995,0
2008-09-22,98.42141159,91.87678139,94.98353827,89.67699049,93.07955018,0
2008-09-29,99.54101596,91.04763317,88.61866434,90.72402212,93.72391513,0
2008-10-06,102.2331345,90.68145013,97.6783266,89.26496048,94.32606885,0
2008-10-13,102.6708808,90.19478939,89.89608696,91.69419346,93.39089065,0
2008-10-20,102.7829038,90.39367392,93.23553696,90.50772534,94.64129083,0
2008-10-27,101.9174106,90.25323007,91.44741746,91.40140278,95.8468893,0
2008-11-03,103.4119649,92.41843972,107.3866451,92.99035939,96.62527116,0
2008-11-10,104.0727816,93.20542162,96.53444071,92.41294798,96.01755129,0
2008-11-17,103.5686109,94.56650378,89.60396296,93.76455042,96.50604384,0
2008-11-24,106.90682,95.01849415,101.2625766,94.08873085,97.59454591,0
2008-12-01,106.9746789,94.98671102,99.91502865,95.22668461,96.94760913,0
2008-12-08,106.5790358,99.89715271,104.648267,93.41926089,98.60639049,0
2008-12-15,107.5295692,99.9811086,97.6125654,94.67300159,100.2472698,0
2008-12-22,108.4049611,101.1926952,90.46382115,97.81254533,100.8385255,0
2008-12-29,106.8312896,104.218994,105.4085062,98.91020584,100.6027568,0
2009-01-05,109.2764385,104.4235387,93.36643867,97.61312916,101.7413341,0
2009-01-12,109.4583395,106.9403251,103.3934702,98.89629538,101.3156734,0
2009-01-19,109.7139933,107.3034547,100.1838962,100.0103325,103.4191054,0
2009-01-26,110.9614534,107.8969586,104.389005,100.9357713,103.1647323,0
2009-02-02,113.5126059,106.0890286,107.2473338,98.68724206,103.4389679,0
2009-02-09,112.768123,108.6311596,101.7998002,100.2412399,103.7655563,0
2009-02-16,111.9039022,107.3888224,104.1638068,101.1425018,104.4121873,0
2009-02-23,113.3272919,106.2443246,102.1024302,102.4578493,104.3068314,0
2009-03-02,114.3628998,106.0641955,105.4217345,104.4619749,105.6216874,1
2009-03-09,114.0246337,103.3237648,108.2752242,101.8719943,104.7047165,1
2009-03-16,113.2231747,104.6149345,108.75167,100.7565669,106.7565085,1
2009-03-23,112.5077723,102.2664449,108.7638512,102.5569772,106.6199196,1
2009-03-30,113.7733045,101.0699203,107.7949065,103.396077,104.1835377,1
2009-04-06,113.3207655,100.1129855,105.0430116,102.0352942,104.9969844,1
2009-04-13,113.6101125,102.0875427,97.48148118,100.8082708,104.0642627,1
2009-04-20,113.0777255,99.84245485,103.4594286,102.4005477,104.1159062,1
2009-04-27,113.165166,101.6785055,103.4297947,101.7791589,106.1180408,1
2009-05-04,111.2050885,99.4644573,104.704283,99.71424289,103.4327523,1
2009-05-11,112.6410099,98.32432244,100.4183614,100.7050415,103.6838419,1
2009-05-18,111.070624,99.10400936,102.7222174,100.87029,103.4143457,1
2009-05-25,112.4718392,101.7734973,101.6508451,100.5784684,101.3959489,1
2009-06-01,109.2134956,100.7895226,104.736366,98.83623443,101.0475879,1
2009-06-08,111.1359638,100.8517127,103.9394353,98.04192055,100.1939776,1
2009-06-15,109.0952274,102.0145975,97.97164724,99.12459042,100.0113459,1
2009-06-22,107.7520037,102.7640971,107.4384255,96.19326118,97.55339157,1
2009-06-29,107.4430897,103.696865,99.84532693,97.36555486,100.471558,1
2009-07-06,107.1560368,104.2168188,96.02249146,95.10635751,101.530578,1
2009-07-13,107.4838422,102.4399726,96.37347109,97.12505254,99.20749701,1
2009-07-20,107.2072222,101.3291745,99.57359733,95.42634119,97.26811785,1
2009-07-27,105.7837463,101.9148166,100.8702397,96.62602949,97.71466988,1
2009-08-03,106.0607261,102.0854261,107.886491,95.57649343,97.62620383,1
2009-08-10,108.0149902,100.2008964,95.45918612,93.64949964,96.85513509,1
2009-08-17,107.452462,99.4202585,99.16942394,96.14954652,98.58510142,1
2009-08-24,106.0816146,99.84797148,96.99430925,96.19653618,98.45555096,1
2009-08-31,105.6744591,98.54506594,92.47639002,95.51874212,96.48100384,1
2009-09-07,105.8200313,97.732797,100.0883498,93.93841213,98.42508104,1
2009-09-14,106.4499736,96.12069764,98.6300583,94.53044168,99.36326829,1
2009-09-21,105.0224983,95.95599751,108.6693434,95.19071813,99.94784912,1
2009-09-28,106.0675422,94.74819501,97.77824766,94.62120839,101.1901308,1
2009-10-05,105.0041358,96.27098282,94.78977403,97.36506644,97.77072722,1
2009-10-12,107.4843038,96.38026503,98.71400401,96.22940714,101.9093011,1
2009-10-19,108.2046422,93.7404229,91.59991962,93.85409821,99.20323987,1
2009-10-26,107.6012002,95.18404035,101.0696311,97.42374252,99.49192125,1
2009-11-02,110.233663,95.42308204,104.0263892,97.31151887,100.9867486,1
2009-11-09,108.0506185,97.33442474,106.2373713,98.20145758,100.6943228,1
2009-11-16,108.4626007,99.19104696,107.5962251,98.5583562,102.3260197,1
2009-11-23,110.8278735,99.29488377,102.0655842,100.4104681,101.2833445,1
2009-11-30,112.3444149,101.4181941,104.2609503,101.4170044,103.058564,1
2009-12-07,113.6839277,102.9960426,101.2792559,101.2830532,105.2855822,1
2009-12-14,112.2437991,105.8672134,98.27391955,101.3710942,104.6456221,1
2009-12-21,114.4752592,107.3248153,106.1324669,102.3706851,105.5381741,1
2009-12-28,114.034516,108.0037775,102.8589236,103.1157901,106.548283,1
2010-01-04,114.5509886,110.1923722,99.00161525,102.9520739,107.8942775,1
2010-01-11,116.2239837,110.5337086,103.7585506,104.9578624,105.685099,1
2010-01-18,116.5679362,111.6147937,109.4594762,105.4219877,108.5001373,1
2010-01-25,114.8661616,114.0868413,118.8225221,107.037049,108.1744146,1
2010-02-01,118.3914597,113.9954454,102.9342412,107.2320452,109.0815572,1
2010-02-08,118.7073715,111.3196344,100.3605593,105.7111033,110.3872303,1
2010-02-15,117.0495185,113.1573043,109.3015349,107.5725997,108.4808946,1
2010-02-22,118.3505126,112.6249983,107.9428714,106.0886978,108.9420646,1
2010-03-01,118.6575746,109.9725437,111.0096304,107.9521406,108.2281144,1
2010-03-08,118.5606738,111.1187776,110.4001206,106.8837719,109.7508411,1
2010-03-15,117.8132392,110.9442136,112.1413692,106.4483993,111.6939767,1
2010-03-22,117.6830857,107.3732716,109.6900663,107.7505845,110.2341219,1
2010-03-29,118.2495271,106.7050878,115.5066458,104.7240662,108.9349563,1
2010-04-05,119.3000091,107.8530061,99.07947062,105.5075787,109.6416014,1
2010-04-12,118.4585195,106.4463497,109.0601476,106.8764236,108.4270576,1
2010-04-19,117.2719394,106.2231945,110.7758282,106.8717137,108.5173676,1
2010-04-26,118.087312,105.685367,104.8642504,106.1007347,109.7044322,1
2010-05-03,114.0917811,105.5909547,116.3397827,104.5230496,107.7664504,1
2010-05-10,117.6723816,103.9052083,104.9803772,104.8756082,109.6362502,1
2010-05-17,114.3333107,106.4678515,109.8880881,105.6418399,108.0019041,1
2010-05-24,115.2341374,106.9072756,107.1748902,105.3636883,107.682173,1
2010-05-31,113.9830135,105.91603,104.9287649,104.2795105,106.8243104,1
2010-06-07,113.3053185,106.5565231,96.89113475,104.957606,107.3728478,1
2010-06-14,115.2581434,105.5234718,102.3194804,103.7032078,106.8804765,1
2010-06-21,113.1357205,107.9765691,108.8742328,102.0721822,105.938476,1
2010-06-28,113.4734794,108.3515236,104.8150284,102.0704117,105.6917647,1
2010-07-05,112.6294636,107.9061286,101.2424551,100.5051782,104.4642945,1
2010-07-12,112.7367171,109.1240946,106.9399801,101.3909195,104.8018793,1
2010-07-19,111.9612086,107.521145,102.063875,102.2435916,103.5465089,1
2010-07-26,110.274454,108.0928877,99.56204098,101.4975626,103.5596779,1
2010-08-02,112.2813475,106.0054813,104.6539107,101.9496383,103.0104369,1
2010-08-09,110.5789633,106.3411032,104.4644835,100.0401049,102.6155013,1
2010-08-16,109.3683369,105.4030552,115.5998179,101.5490109,102.235807,1
2010-08-23,110.4171758,104.9294915,104.4109769,99.93770097,103.312981,1
2010-08-30,112.3372154,103.4241914,109.1768214,101.601477,104.1470615,1
2010-09-06,111.7502217,102.7685274,98.09547283,100.1793016,104.071102,1
2010-09-13,110.6878035,102.9052401,100.2785437,101.0525673,101.7798903,1
2010-09-20,110.8960332,100.949634,104.5128945,102.0370056,104.534494,1
2010-09-27,111.2032837,99.26585105,104.5576674,100.6558155,103.2067603,1
2010-10-04,113.9494679,102.3303683,97.78190522,101.4231552,104.4734529,1
2010-10-11,112.6670161,101.9264698,103.0896402,102.9137124,103.3788653,1
2010-10-18,113.1874879,99.49434807,102.9727255,101.9719334,104.8994262,1
2010-10-25,114.3146702,102.003259,104.8318912,101.3187068,105.5981099,1
2010-11-01,114.0984654,101.6166365,108.3353828,105.3656177,104.3750715,1
2010-11-08,114.217342,103.4479359,108.0163642,103.377276,107.0846513,1
2010-11-15,114.9306257,104.7687091,105.2887693,104.66411,108.4729106,1
2010-11-22,115.7318204,105.7101212,102.9054185,106.3455287,107.6287737,1
2010-11-29,116.4600944,106.7562883,105.5063009,105.2826451,109.8574847,1
2010-12-06,117.9276295,108.5094589,116.4125764,105.5936765,109.0103065,1
2010-12-13,117.9546293,109.9437541,103.3473494,107.5656871,110.7522679,1
2010-12-20,119.3292184,111.6236488,111.9174013,106.2204903,108.3780084,1
2010-12-27,119.1923079,113.8583368,108.3201891,108.4098288,113.6918022,1
2011-01-03,120.0022511,114.4997913,125.0772873,109.601087,113.4190741,1
2011-01-10,118.542123,116.9624408,106.4766621,109.7105263,112.2556982,1
2011-01-17,122.031941,118.5736949,104.1903157,109.0200388,111.1435243,1
2011-01-24,121.9890422,117.033336,115.9617392,112.6923302,113.9305821,1
2011-01-31,123.1129294,118.0943888,115.8344001,111.6817779,112.6709938,1
2011-02-07,119.6310248,118.3189007,113.1845586,113.4294747,114.9721337,1
2011-02-14,124.9634559,117.9995741,119.765699,112.0938094,115.2866469,1
2011-02-21,123.0151195,117.089557,122.5660463,111.7611836,114.2133059,1
2011-02-28,124.4717272,117.0634894,110.1305202,113.1269338,116.4845114,1
2011-03-07,122.4600941,115.982249,114.7501069,112.7861434,116.3055747,1
2011-03-14,124.1763183,113.3686193,115.0936551,111.8954354,116.5393677,1
2011-03-21,122.5012935,114.5649725,119.9163022,114.5418679,115.5635668,1
2011-03-28,122.8513123,113.7098814,109.4984498,112.3779075,114.0595571,1
2011-04-04,125.2413115,111.2720586,119.7888781,111.0198323,116.3051524,1
2011-04-11,122.9242369,111.4127922,114.3647051,113.9836259,114.8445479,1
2011-04-18,123.0599866,111.5550472,119.1363121,111.8865183,113.4527736,1
2011-04-25,123.385681,110.335464,113.4599976,111.463774,115.8676527,1
2011-05-02,122.6360056,111.4732368,110.9579196,109.9386427,116.2397313,1
2011-05-09,121.8740348,112.7955529,115.3809857,113.0359859,113.6823677,1
2011-05-16,121.6379854,109.8345478,117.3440262,109.5626944,115.4321456,1
2011-05-23,123.1999939,109.556641,112.5835384,110.4419004,112.8878931,1
2011-05-30,120.2450646,111.6492393,107.6204529,110.8098983,111.9222275,1
2011-06-06,120.001099,112.5215625,111.9151605,109.8240335,111.1695415,1
2011-06-13,120.347971,112.0237129,104.6532342,108.8477009,112.934399,1
2011-06-20,119.9089476,114.115575,112.9959998,106.7195164,110.0232778,1
2011-06-27,119.5140059,111.6408604,108.8340787,107.1427334,111.0622449,1
2011-07-04,118.5151144,113.8612382,105.8350855,107.6973891,109.3172203,1
2011-07-11,116.3166714,112.5938804,107.1596557,106.3134288,108.9993695,1
2011-07-18,118.7178182,114.7746001,103.0575178,106.9363948,110.1146364,1
2011-07-25,115.6111009,114.7207971,101.0371435,107.0955603,108.3774094,1
2011-08-01,116.7877161,111.4584891,105.9046886,107.1116762,108.0802853,1
2011-08-08,115.518444,111.0150982,105.8822202,104.7183552,109.4055246,1
2011-08-15,116.0607804,111.6369973,106.6150228,108.0011015,109.7223161,1
2011-08-22,116.3740533,109.517053,105.2317345,106.5000289,108.6899807,1
2011-08-29,116.3578128,108.9483071,99.30909666,105.7297222,107.3816859,1
2011-09-05,116.5219208,108.1253884,118.3374931,106.8922393,107.5893915,1
2011-09-12,117.8501669,105.3595198,112.7295834,108.3122881,108.3163709,1
2011-09-19,116.8988252,106.5725605,105.4809649,104.7247175,108.766221,1
2011-09-26,116.4807622,105.3827004,109.1691588,106.2255249,107.7370529,1
2011-10-03,118.036807,105.2876616,111.9502564,104.4278789,109.7957578,1
2011-10-10,118.6745512,107.1886477,111.9758904,107.4190449,109.570594,1
2011-10-17,116.7298384,104.7301039,108.4318936,108.0718753,108.2417379,1
2011-10-24,119.0817868,107.3267564,115.589862,108.2019814,109.5554602,1
2011-10-31,119.760849,107.0406484,107.4442873,108.1696215,110.5555476,1
2011-11-07,119.3788206,108.1046885,105.5997208,107.3990704,111.6035265,1
2011-11-14,121.7026824,110.4648568,113.3808764,110.480432,114.2162544,1
2011-11-21,120.8533661,111.4845803,116.7424682,112.246501,113.241593,1
2011-11-28,121.8228931,113.3106669,124.5150053,110.9016649,112.8565447,1
2011-12-05,122.2269282,115.3681847,109.3595891,112.6431487,114.6206308,1
2011-12-12,123.1182624,115.7286377,117.8719821,111.3453499,114.7505957,1
2011-12-19,122.7003032,117.0432343,115.3014131,114.0723242,116.1213366,1
2011-12-26,123.0329736,118.0403645,120.664138,113.905897,117.0535921,1
2012-01-02,126.7181209,119.5901408,109.133366,114.1951747,118.3328465,1
2012-01-09,124.8933624,124.4294831,114.2111801,114.8216589,117.7160372,1
2012-01-16,125.3242209,123.5311284,112.4675833,115.7714226,119.9545738,1
2012-01-23,124.6891636,121.4623149,119.6056601,117.0821299,119.7505764,1
2012-01-30,126.6759576,121.7325263,118.3095965,115.867621,118.6074798,1
2012-02-06,126.4041903,123.5010817,120.194481,117.2027517,121.9371358,1
2012-02-13,129.7170964,123.2748366,124.5085054,117.9139183,120.4020757,1
2012-02-20,129.3645262,122.7624856,122.8121452,117.1437008,119.5195846,1
2012-02-27,127.875394,121.2658512,124.1309425,120.2559625,122.2164574,1
2012-03-05,130.9524358,120.5745457,125.2227726,117.7499794,122.7777776,1
2012-03-12,129.7453099,120.1341612,113.4912309,118.0053044,120.7305191,1
2012-03-19,128.4298777,118.9817094,123.1185364,117.6953201,120.2510588,1
2012-03-26,126.1756755,115.8032902,117.6664747,120.4002022,120.5027063,1
2012-04-02,130.8182227,117.005545,126.732033,119.0145483,121.2420119,1
2012-04-09,126.9253469,115.7234479,127.2765749,117.3204123,121.592776,1
2012-04-16,126.397155,116.2469297,124.4450516,119.0985922,120.6130411,1
2012-04-23,128.7381837,118.7300368,113.2602288,117.8738409,119.8173365,1
2012-04-30,129.7800761,115.9677404,111.1147718,117.5628281,120.8383355,1
2012-05-07,128.3078887,115.3181507,123.4573598,116.5521116,118.6107794,1
2012-05-14,127.0369336,116.7423353,116.8483857,115.7043034,119.5039438,1
2012-05-21,126.5913327,116.6203735,117.4298008,116.3227614,117.7085155,1
2012-05-28,126.356099,116.9655152,114.3980291,114.9537352,117.9337064,1
2012-06-04,125.7589286,117.6068506,124.8192331,116.8206166,122.8864374,1
2012-06-11,124.778508,119.5111228,119.2108589,113.2396085,122.4414644,1
2012-06-18,124.1076228,116.7314259,113.270374,115.5588835,121.6260352,1
2012-06-25,123.4643824,118.6530983,116.4773132,113.4426837,122.8718296,1
2012-07-02,122.3224196,117.4419385,123.3383363,113.4102189,120.3434581,1
2012-07-09,122.3790012,118.9552539,119.4650597,113.5353051,119.919444,1
2012-07-16,120.5914299,117.3365357,115.8456705,111.7043305,122.4053803,1
2012-07-23,121.8591066,117.5109149,119.1298469,112.8796097,120.9352938,1
2012-07-30,120.6964896,117.1300557,112.0859522,109.0431739,117.299967,1
2012-08-06,120.3691306,117.7404721,107.2064781,110.8260894,118.9074611,1
2012-08-13,121.5048129,116.8958639,108.2437593,110.4819371,117.5129294,1
2012-08-20,122.6372932,113.8584662,108.9579312,110.080588,118.2946002,1
2012-08-27,122.1547722,114.2486524,110.8391582,111.1180259,116.097941,1
2012-09-03,119.7294994,112.5904201,118.7937033,111.7899971,119.1630104,1
2012-09-10,120.4468275,111.2206881,107.2760806,112.2510847,118.2945138,1
2012-09-17,122.5860621,111.5693812,115.1606667,112.0058588,119.7051962,1
2012-09-24,120.9424314,110.9639454,110.6693814,111.3866384,118.2997975,1
2012-10-01,122.0480867,113.4075009,113.395294,112.7768714,120.3556317,1
2012-10-08,123.2351328,111.3779755,109.2697222,112.9522235,120.2701644,1
2012-10-15,122.1891018,109.8089933,119.4864561,114.2440816,122.6593992,1
2012-10-22,123.7897622,111.1487772,119.2445758,114.6196246,123.0957436,1
2012-10-29,122.9256508,113.5409946,115.6097149,114.4561758,123.0450219,1
2012-11-05,124.2750165,115.6728914,119.5606761,114.1528763,122.5497704,1
2012-11-12,125.8467575,113.2885016,110.1105798,115.0554926,125.512356,1
2012-11-19,124.6104279,114.4646046,121.0971594,115.8428215,122.6503864,1
2012-11-26,127.3377913,119.8110191,116.3216145,116.7789615,123.493758,1
2012-12-03,127.5803622,119.9896142,119.8427403,118.0726836,125.5162169,1
2012-12-10,128.8551734,120.3916533,119.1217276,119.230213,128.5567215,1
2012-12-17,129.2204925,123.3901001,121.8706724,119.1655368,126.7942394,1
2012-12-24,131.0371649,121.6897673,123.6868568,119.9169485,127.4897792,1
2012-12-31,130.4488404,125.6189268,125.4747824,120.7024434,126.8817055,1
2013-01-07,130.5109182,127.0082099,114.1561227,120.6676617,129.8862533,1
2013-01-14,131.6379108,128.4107189,122.2238658,120.8411863,130.4687895,1
2013-01-21,132.5858518,126.9994933,124.8359939,120.5458031,130.8316289,1
2013-01-28,132.5637794,128.3406715,125.54084,122.0861792,129.8856987,1
2013-02-04,132.9678718,127.293791,128.0975651,123.6745569,130.2205734,1
2013-02-11,132.5730895,128.1829556,127.2626626,122.8540231,129.981959,1
2013-02-18,132.8918082,126.5182555,124.2420882,123.6064773,131.6385816,1
2013-02-25,132.3609391,126.3127062,124.6389169,124.527273,130.683137,1
2013-03-04,135.6495767,124.9041846,119.4381703,124.7257088,130.7225835,1
2013-03-11,132.7196811,125.657418,121.8735699,123.1967528,131.5398537,1
2013-03-18,133.2618039,124.9542675,127.5626315,125.2722318,131.4655529,1
2013-03-25,133.1566739,122.98797,122.3720013,125.3306166,131.3371027,1
2013-04-01,134.6222045,122.4735827,125.7725813,122.9333376,132.1937247,1
2013-04-08,133.2199697,120.3262629,117.5082517,123.0347118,131.5939671,1
2013-04-15,134.4902958,120.9720416,119.7924458,124.7849958,130.9543977,1
2013-04-22,132.2421227,120.8945732,122.0290924,123.1278331,131.0986262,1
2013-04-29,132.8193179,123.4210519,134.1096163,120.6873412,129.5487967,1
2013-05-06,131.2882688,119.7197134,125.1194916,121.0984517,130.2288945,1
2013-05-13,133.8181736,122.484711,114.8451437,121.8058942,129.8236269,1
2013-05-20,130.0089799,122.3345444,113.2255801,120.4234971,127.6935315,1
2013-05-27,131.0125041,122.0260571,121.1723066,120.686943,129.6983772,1
2013-06-03,130.8337769,123.9586205,125.1580518,120.6378016,127.3185663,1
2013-06-10,130.1111157,123.0266847,123.1553996,121.5726986,127.7876264,1
2013-06-17,129.018134,123.4514736,123.3807542,119.3338172,128.3678334,1
2013-06-24,128.5971549,123.3263455,123.6103817,120.2280888,127.6526523,1
2013-07-01,128.3201956,124.7918885,116.1901875,120.1414377,126.3107175,1
2013-07-08,127.7126743,124.6962105,125.2052279,119.7380014,125.4971773,1
2013-07-15,128.4482658,122.8295449,110.7122829,118.2208788,126.4318986,1
2013-07-22,129.3679693,121.8090346,112.1108453,115.6536166,125.8321412,1
2013-07-29,126.3275889,122.422165,113.8952465,117.813087,124.2667157,1
2013-08-05,125.3029169,121.1646168,120.1410433,118.1960232,123.8778262,1
2013-08-12,126.4366367,121.1138848,119.1934524,116.9264772,122.4525636,1
2013-08-19,129.0250003,121.5416217,116.7860451,118.6802223,124.5993228,1
2013-08-26,125.6327811,118.9364166,118.8267889,117.7943587,124.3537579,1
2013-09-02,128.1391168,118.4571766,115.6360705,117.5740649,125.6361914,1
2013-09-09,128.3141564,117.7372157,117.6395192,118.2363499,124.9955107,1
2013-09-16,126.2917027,117.8348291,114.7234506,117.6998963,126.1795201,1
2013-09-23,127.6939019,114.2255388,129.347422,115.1610658,124.4275546,1
2013-09-30,129.1011165,115.5740841,122.1561885,117.5102605,126.6108702,1
2013-10-07,127.5059529,116.3562994,117.9593741,119.6266502,125.3561643,1
2013-10-14,128.1538659,117.5866897,127.2766057,118.1019785,127.1350423,1
2013-10-21,128.3027058,116.4216488,118.6508309,119.2207598,125.4256283,1
2013-10-28,128.4449195,115.8430586,117.6126138,118.9824075,127.6948116,1
2013-11-04,129.4271066,119.4041601,117.8058684,122.4355963,126.0916962,1
2013-11-11,129.5030353,119.4391225,121.7448205,122.9914796,128.4598381,1
2013-11-18,131.4375051,120.3548623,124.8754264,121.1102864,129.8437757,1
2013-11-25,131.3273434,122.5157086,126.3653363,122.8430702,129.576348,1
2013-12-02,133.0337859,124.6154746,134.8507718,122.7256836,129.7495624,1
2013-12-09,131.9467878,125.8552014,119.4668875,124.7315277,132.3488019,1
2013-12-16,134.5274586,125.849905,123.6407865,125.327883,132.0931155,1
2013-12-23,135.7065534,130.4225813,128.076582,126.3140736,132.3834538,1
2013-12-30,133.5298802,132.0904264,127.7338137,126.4925999,133.5655118,1
2014-01-06,136.5143803,132.5319107,122.8520567,129.7205176,136.7769929,1
2014-01-13,137.9432823,131.5487631,128.1825914,126.3401992,135.8691161,1
2014-01-20,136.0329127,133.0118977,137.277593,126.192182,136.4051274,1
2014-01-27,139.3874917,133.448463,135.1468941,127.9897828,136.1504656,1
2014-02-03,138.5462991,134.01801,131.0831606,127.2349675,136.2937654,1
2014-02-10,137.7700694,133.7959123,133.4265644,127.6660166,134.0789989,1
2014-02-17,138.69894,131.879428,125.9658158,128.4445141,136.0757287,1
2014-02-24,139.5218713,132.0028026,125.5851371,128.7401972,136.48297,1
2014-03-03,139.1760054,131.5572804,122.7453716,128.8519456,135.2251079,1
2014-03-10,139.7023004,131.662104,127.4157834,130.396049,136.0061286,1
2014-03-17,138.2340355,130.0003229,136.745083,129.3705277,135.1738726,1
2014-03-24,139.244442,129.2116473,134.1347424,129.6252964,137.0367574,1
2014-03-31,137.5135656,127.7191713,128.9954499,130.5589646,137.7460461,1
2014-04-07,138.6036933,128.3853135,123.7640336,128.6937705,137.8216938,1
2014-04-14,137.5386461,126.881481,134.524442,128.9309036,136.8573382,1
2014-04-21,137.3800833,125.2836899,135.0951854,129.241991,135.152217,1
2014-04-28,138.9764169,127.4036287,132.0294585,126.5670957,133.8082586,1
2014-05-05,138.414926,126.7295837,124.5017148,125.7147721,133.5667472,1
2014-05-12,137.4821626,125.7774898,129.6167286,128.0029255,133.6040419,1
2014-05-19,135.3042656,126.0581927,126.1378046,127.6800984,133.5077186,1
2014-05-26,135.586275,127.2419963,126.4189009,128.7661313,133.7429349,1
2014-06-02,136.6130977,127.8631848,128.6823079,126.3650447,132.3858358,1
2014-06-09,135.0390335,128.0518715,126.095679,126.5317281,133.2362925,1
2014-06-16,136.7227512,128.573623,123.4282582,125.0303429,132.1711482,1
2014-06-23,134.3202934,130.2794236,125.3777586,125.0543186,131.9375213,1
2014-06-30,133.6684333,129.8398628,118.3809358,125.9814788,132.6166347,1
2014-07-07,132.7505598,128.9903768,129.7743487,121.7812433,129.8794445,1
2014-07-14,132.8179276,129.5965328,119.7385439,123.9512848,131.1030913,1
2014-07-21,132.2049764,127.2957579,128.6134155,125.3540369,130.343473,1
2014-07-28,132.7931893,128.2230727,120.519237,123.2358408,129.7515944,1
2014-08-04,132.8294222,128.9739617,120.1467427,124.3997407,130.7579762,1
2014-08-11,130.9389293,126.1593635,121.8401273,121.9798765,130.6039329,1
2014-08-18,130.314058,124.6565497,125.631708,122.5051353,128.6988001,1
2014-08-25,129.8002503,123.9416294,122.1737272,122.5695942,129.454295,1
2014-09-01,132.2079913,122.610367,125.6582667,120.3897448,129.9812117,1
2014-09-08,130.733089,122.0944311,125.230174,121.5833357,129.5634489,1
2014-09-15,129.8924003,121.8158901,119.6715638,121.8711958,130.6303122,1
2014-09-22,132.7134974,120.2668611,120.5147122,124.0774868,130.6061108,1
2014-09-29,135.1657194,121.3964027,118.5319568,124.4830969,132.5052811,1
2014-10-06,133.0790098,122.2472929,118.3445042,124.3550631,129.5548015,1
2014-10-13,134.395937,120.6788546,117.2218566,125.3352171,131.4350103,1
2014-10-20,134.1662161,123.6328351,126.5523436,124.8816273,131.1758842,1
2014-10-27,134.5607866,123.4304034,129.6856389,126.8307199,133.2637837,1
2014-11-03,136.1954606,125.0150293,126.8202802,126.2620066,131.6592122,1
2014-11-10,135.636701,124.6166504,129.9241901,126.9693956,134.2732883,1
2014-11-17,136.870814,127.5990542,127.0332143,127.330107,133.9733732,1
2014-11-24,137.6190144,127.24812,127.0196687,128.9817671,134.5631547,1
2014-12-01,137.3319095,130.8902475,128.610291,128.5788012,134.5535018,0
2014-12-08,139.6947258,131.8317854,123.6012291,130.6791148,136.2376075,0
2014-12-15,139.2216186,133.8087222,127.8771349,129.2644292,138.4810789,0
2014-12-22,139.3172793,133.5499205,131.4300282,129.9741082,138.0478358,0
2014-12-29,141.2601257,135.1204815,135.9057487,132.4110426,139.3512963,0
2015-01-05,140.4418558,137.6776169,131.42956,132.2517795,141.0049656,0
2015-01-12,141.9437944,136.9381008,138.9760214,132.4617219,140.1793689,0
2015-01-19,142.4334347,138.8765955,130.9521319,134.3326115,139.8837542,0
2015-01-26,144.0008149,137.2878465,137.6191312,133.3076579,141.3821715,0
2015-02-02,143.8019784,139.4673898,136.648107,134.1270789,140.782984,0
2015-02-09,143.6500543,137.0950485,137.730185,136.0743092,141.1706585,0
2015-02-16,144.7724754,138.3659017,135.1667169,136.4938514,140.4348163,0
2015-02-23,145.5537519,137.746438,134.1081537,136.7359426,143.0898019,0
2015-03-02,144.8578103,135.6032282,132.1925292,135.0178742,141.9139974,0
2015-03-09,144.373897,135.9883083,134.4616994,136.5942473,142.5456426,0
2015-03-16,143.0428729,134.7562587,136.4156312,134.4057563,141.3187472,0
2015-03-23,143.2099676,133.0837487,146.3857885,134.3681783,142.7110288,0
2015-03-30,143.8220554,131.82679,135.4395724,132.7768243,141.3653389,0
2015-04-06,143.3054071,130.2122287,127.6685421,136.5877875,141.7732106,0
2015-04-13,143.4555824,132.0213683,139.0286329,133.7785739,142.5203798,0
2015-04-20,143.3722632,129.779975,134.879265,134.1890807,142.1063726,0
2015-04-27,143.4700165,131.295603,126.677967,133.0299994,140.9182937,0
2015-05-04,142.4531171,130.9682322,132.6129863,134.2187811,138.7554848,0
2015-05-11,142.5595261,132.0996766,135.7607149,132.6973908,143.065835,0
2015-05-18,141.6610527,131.4356401,137.8441822,131.2917614,141.3424373,0
2015-05-25,139.1272168,131.815973,130.0783133,132.544346,139.8253582,0
2015-06-01,139.6606646,133.3318707,137.6844714,130.16627,137.8467962,0
2015-06-08,139.953229,133.3896373,136.9926739,130.2599109,137.9837244,0
2015-06-15,138.3937269,133.7784703,127.1898584,128.4965326,137.0600012,0
2015-06-22,139.7269043,134.2487338,133.5132124,128.7030175,138.3908315,0
2015-06-29,140.207135,132.4327475,128.9306776,129.8549133,136.938887,0
2015-07-06,139.4784381,134.7565299,129.0482987,127.2951402,135.4755124,0
2015-07-13,137.6709438,134.467691,129.9633608,127.403241,135.4136316,0
2015-07-20,139.0481724,132.5115986,135.1639188,128.5550773,136.6786344,0
2015-07-27,137.4337481,132.7810652,132.5179446,127.7414738,136.8851785,0
2015-08-03,136.7356339,132.325348,122.2641437,130.0647565,136.6010514,0
2015-08-10,136.3115161,131.4429126,124.4019173,129.7588153,135.6819509,0
2015-08-17,136.5428212,131.0380436,129.252213,126.9773685,134.592666,0
2015-08-24,136.4482788,131.2250851,131.2671719,128.3935932,131.5949418,0
2015-08-31,137.0704162,129.9817667,129.9766976,128.6492826,135.19716,0
2015-09-07,137.1970296,126.7669738,125.2398337,127.4389768,135.0346269,0
2015-09-14,137.2483369,128.0084682,129.5788121,126.7497494,135.385273,0
2015-09-21,137.961857,128.2013615,133.8501044,128.5126203,135.5788161,0
2015-09-28,139.0633661,126.9675929,136.4024653,128.6998742,134.5464577,0
2015-10-05,139.2346348,127.6359961,127.2845702,128.8493162,136.8424892,0
2015-10-12,137.2725483,128.7988812,126.4557105,130.1997631,137.3896626,0
2015-10-19,136.7304656,128.3372608,130.4743591,129.5336571,137.9667255,0
2015-10-26,140.7939962,128.3689199,141.2620554,129.7076787,138.8062533,0
2015-11-02,139.1095054,130.2295372,130.8212886,131.5854671,139.0804358,0
2015-11-09,140.9022102,130.6193728,130.8940476,132.5129457,138.7169462,0
2015-11-16,140.6333087,131.968432,133.3911475,131.6267767,139.7325848,0
2015-11-23,140.6953362,133.1886397,139.722371,134.4254072,140.5884415,0
2015-11-30,143.7414627,136.7634134,144.3055472,132.4295189,141.3076994,0
2015-12-07,144.6618386,136.0415174,139.4338484,134.3245699,142.9009011,0
2015-12-14,144.0200679,139.9878387,140.5271613,135.3385698,143.2402471,0
2015-12-21,142.6819821,140.4253792,142.8443313,135.6368007,145.3503679,0
2015-12-28,145.3773714,139.8162451,127.5849643,136.3585554,146.1300848,0